<?xml version="1.0" encoding="UTF-8"?>
<VirtualServiceConfiguration LastUpdated="1425620347105" ServiceName="ns13:Google_Drive_API.raml_vs0" xmlns="http://soa.com/capabilities/service/virtualization/bpel" xmlns:ns10="http://schemas.xmlsoap.org/ws/2003/03/business-process/" xmlns:ns11="http://soa.com/bpel/ext" xmlns:ns12="http://schemas.xmlsoap.org/ws/2003/05/partner-link/" xmlns:ns13="https://www.googleapis.com/drive/v2/Hook" xmlns:ns2="http://schemas.xmlsoap.org/ws/2004/09/mex" xmlns:ns3="http://schemas.xmlsoap.org/ws/2006/02/addressingidentity" xmlns:ns4="http://www.w3.org/2000/09/xmldsig#" xmlns:ns5="http://docs.oasis-open.org/wss/2004/01/oasis-200401-wss-wssecurity-secext-1.0.xsd" xmlns:ns6="http://docs.oasis-open.org/wss/2004/01/oasis-200401-wss-wssecurity-utility-1.0.xsd" xmlns:ns7="http://soa.com/capabilities/service/virtualization/bpel/activity" xmlns:ns8="http://www.w3.org/2001/04/xmlenc#" xmlns:ns9="http://federatedgovernance.org/mc/configuration/x509"><OutboundIdentityConfig><UseInboundIdentities xmlns:xs="http://www.w3.org/2001/XMLSchema" xmlns:xsi="http://www.w3.org/2001/XMLSchema-instance" xsi:type="xs:boolean">true</UseInboundIdentities><UseServiceIdentityForHTTPS>false</UseServiceIdentityForHTTPS></OutboundIdentityConfig><PolicyImplementationConfig><ImplementPolicies>true</ImplementPolicies></PolicyImplementationConfig><OperationImplementation InterfaceName="ns14:Google_Drive_API.raml_PortType" LastUpdated="1425620134814" OperationName="DELETE__files__fileId_" xmlns:ns14="https://www.googleapis.com/drive/v2"><Process/><BindingHeaderInstructions><PreserveBindingHeaders>true</PreserveBindingHeaders></BindingHeaderInstructions><TransportHeaderInstructions><PreserveTransportHeaders>true</PreserveTransportHeaders></TransportHeaderInstructions></OperationImplementation><OperationImplementation InterfaceName="ns14:Google_Drive_API.raml_PortType" LastUpdated="1425620134857" OperationName="DELETE__files__fileId__comments__commentId_" xmlns:ns14="https://www.googleapis.com/drive/v2"><Process/><BindingHeaderInstructions><PreserveBindingHeaders>true</PreserveBindingHeaders></BindingHeaderInstructions><TransportHeaderInstructions><PreserveTransportHeaders>true</PreserveTransportHeaders></TransportHeaderInstructions></OperationImplementation><OperationImplementation InterfaceName="ns14:Google_Drive_API.raml_PortType" LastUpdated="1425620134900" OperationName="DELETE__files__fileId__comments__commentId__replies__replyId_" xmlns:ns14="https://www.googleapis.com/drive/v2"><Process/><BindingHeaderInstructions><PreserveBindingHeaders>true</PreserveBindingHeaders></BindingHeaderInstructions><TransportHeaderInstructions><PreserveTransportHeaders>true</PreserveTransportHeaders></TransportHeaderInstructions></OperationImplementation><OperationImplementation InterfaceName="ns14:Google_Drive_API.raml_PortType" LastUpdated="1425620134949" OperationName="DELETE__files__fileId__parents__parentId_" xmlns:ns14="https://www.googleapis.com/drive/v2"><Process/><BindingHeaderInstructions><PreserveBindingHeaders>true</PreserveBindingHeaders></BindingHeaderInstructions><TransportHeaderInstructions><PreserveTransportHeaders>true</PreserveTransportHeaders></TransportHeaderInstructions></OperationImplementation><OperationImplementation InterfaceName="ns14:Google_Drive_API.raml_PortType" LastUpdated="1425620134992" OperationName="DELETE__files__fileId__permissions__permissionId_" xmlns:ns14="https://www.googleapis.com/drive/v2"><Process/><BindingHeaderInstructions><PreserveBindingHeaders>true</PreserveBindingHeaders></BindingHeaderInstructions><TransportHeaderInstructions><PreserveTransportHeaders>true</PreserveTransportHeaders></TransportHeaderInstructions></OperationImplementation><OperationImplementation InterfaceName="ns14:Google_Drive_API.raml_PortType" LastUpdated="1425620135036" OperationName="DELETE__files__fileId__properties__propertyKey_" xmlns:ns14="https://www.googleapis.com/drive/v2"><Process/><BindingHeaderInstructions><PreserveBindingHeaders>true</PreserveBindingHeaders></BindingHeaderInstructions><TransportHeaderInstructions><PreserveTransportHeaders>true</PreserveTransportHeaders></TransportHeaderInstructions></OperationImplementation><OperationImplementation InterfaceName="ns14:Google_Drive_API.raml_PortType" LastUpdated="1425620135077" OperationName="DELETE__files__fileId__revisions__revisionId_" xmlns:ns14="https://www.googleapis.com/drive/v2"><Process/><BindingHeaderInstructions><PreserveBindingHeaders>true</PreserveBindingHeaders></BindingHeaderInstructions><TransportHeaderInstructions><PreserveTransportHeaders>true</PreserveTransportHeaders></TransportHeaderInstructions></OperationImplementation><OperationImplementation InterfaceName="ns14:Google_Drive_API.raml_PortType" LastUpdated="1425620135118" OperationName="DELETE__files__fileId__trash" xmlns:ns14="https://www.googleapis.com/drive/v2"><Process/><BindingHeaderInstructions><PreserveBindingHeaders>true</PreserveBindingHeaders></BindingHeaderInstructions><TransportHeaderInstructions><PreserveTransportHeaders>true</PreserveTransportHeaders></TransportHeaderInstructions></OperationImplementation><OperationImplementation InterfaceName="ns14:Google_Drive_API.raml_PortType" LastUpdated="1425620135159" OperationName="DELETE__files__folderId__children__childId_" xmlns:ns14="https://www.googleapis.com/drive/v2"><Process/><BindingHeaderInstructions><PreserveBindingHeaders>true</PreserveBindingHeaders></BindingHeaderInstructions><TransportHeaderInstructions><PreserveTransportHeaders>true</PreserveTransportHeaders></TransportHeaderInstructions></OperationImplementation><OperationImplementation InterfaceName="ns14:Google_Drive_API.raml_PortType" LastUpdated="1425620135202" OperationName="GET__about" xmlns:ns14="https://www.googleapis.com/drive/v2"><Process/><BindingHeaderInstructions><PreserveBindingHeaders>true</PreserveBindingHeaders></BindingHeaderInstructions><TransportHeaderInstructions><PreserveTransportHeaders>true</PreserveTransportHeaders></TransportHeaderInstructions></OperationImplementation><OperationImplementation InterfaceName="ns14:Google_Drive_API.raml_PortType" LastUpdated="1425620135247" OperationName="GET__apps" xmlns:ns14="https://www.googleapis.com/drive/v2"><Process/><BindingHeaderInstructions><PreserveBindingHeaders>true</PreserveBindingHeaders></BindingHeaderInstructions><TransportHeaderInstructions><PreserveTransportHeaders>true</PreserveTransportHeaders></TransportHeaderInstructions></OperationImplementation><OperationImplementation InterfaceName="ns14:Google_Drive_API.raml_PortType" LastUpdated="1425620135294" OperationName="GET__apps__appId_" xmlns:ns14="https://www.googleapis.com/drive/v2"><Process/><BindingHeaderInstructions><PreserveBindingHeaders>true</PreserveBindingHeaders></BindingHeaderInstructions><TransportHeaderInstructions><PreserveTransportHeaders>true</PreserveTransportHeaders></TransportHeaderInstructions></OperationImplementation><OperationImplementation InterfaceName="ns14:Google_Drive_API.raml_PortType" LastUpdated="1425620135335" OperationName="GET__changes" xmlns:ns14="https://www.googleapis.com/drive/v2"><Process/><BindingHeaderInstructions><PreserveBindingHeaders>true</PreserveBindingHeaders></BindingHeaderInstructions><TransportHeaderInstructions><PreserveTransportHeaders>true</PreserveTransportHeaders></TransportHeaderInstructions></OperationImplementation><OperationImplementation InterfaceName="ns14:Google_Drive_API.raml_PortType" LastUpdated="1425620135376" OperationName="GET__changes__changeId_" xmlns:ns14="https://www.googleapis.com/drive/v2"><Process/><BindingHeaderInstructions><PreserveBindingHeaders>true</PreserveBindingHeaders></BindingHeaderInstructions><TransportHeaderInstructions><PreserveTransportHeaders>true</PreserveTransportHeaders></TransportHeaderInstructions></OperationImplementation><OperationImplementation InterfaceName="ns14:Google_Drive_API.raml_PortType" LastUpdated="1425620135422" OperationName="GET__files" xmlns:ns14="https://www.googleapis.com/drive/v2"><Process/><BindingHeaderInstructions><PreserveBindingHeaders>true</PreserveBindingHeaders></BindingHeaderInstructions><TransportHeaderInstructions><PreserveTransportHeaders>true</PreserveTransportHeaders></TransportHeaderInstructions></OperationImplementation><OperationImplementation InterfaceName="ns14:Google_Drive_API.raml_PortType" LastUpdated="1425620135464" OperationName="GET__files__fileId_" xmlns:ns14="https://www.googleapis.com/drive/v2"><Process/><BindingHeaderInstructions><PreserveBindingHeaders>true</PreserveBindingHeaders></BindingHeaderInstructions><TransportHeaderInstructions><PreserveTransportHeaders>true</PreserveTransportHeaders></TransportHeaderInstructions></OperationImplementation><OperationImplementation InterfaceName="ns14:Google_Drive_API.raml_PortType" LastUpdated="1425620135505" OperationName="GET__files__fileId__comments" xmlns:ns14="https://www.googleapis.com/drive/v2"><Process/><BindingHeaderInstructions><PreserveBindingHeaders>true</PreserveBindingHeaders></BindingHeaderInstructions><TransportHeaderInstructions><PreserveTransportHeaders>true</PreserveTransportHeaders></TransportHeaderInstructions></OperationImplementation><OperationImplementation InterfaceName="ns14:Google_Drive_API.raml_PortType" LastUpdated="1425620135567" OperationName="GET__files__fileId__comments__commentId_" xmlns:ns14="https://www.googleapis.com/drive/v2"><Process/><BindingHeaderInstructions><PreserveBindingHeaders>true</PreserveBindingHeaders></BindingHeaderInstructions><TransportHeaderInstructions><PreserveTransportHeaders>true</PreserveTransportHeaders></TransportHeaderInstructions></OperationImplementation><OperationImplementation InterfaceName="ns14:Google_Drive_API.raml_PortType" LastUpdated="1425620135611" OperationName="GET__files__fileId__comments__commentId__replies" xmlns:ns14="https://www.googleapis.com/drive/v2"><Process/><BindingHeaderInstructions><PreserveBindingHeaders>true</PreserveBindingHeaders></BindingHeaderInstructions><TransportHeaderInstructions><PreserveTransportHeaders>true</PreserveTransportHeaders></TransportHeaderInstructions></OperationImplementation><OperationImplementation InterfaceName="ns14:Google_Drive_API.raml_PortType" LastUpdated="1425620135650" OperationName="GET__files__fileId__comments__commentId__replies__replyId_" xmlns:ns14="https://www.googleapis.com/drive/v2"><Process/><BindingHeaderInstructions><PreserveBindingHeaders>true</PreserveBindingHeaders></BindingHeaderInstructions><TransportHeaderInstructions><PreserveTransportHeaders>true</PreserveTransportHeaders></TransportHeaderInstructions></OperationImplementation><OperationImplementation InterfaceName="ns14:Google_Drive_API.raml_PortType" LastUpdated="1425620135695" OperationName="GET__files__fileId__parents" xmlns:ns14="https://www.googleapis.com/drive/v2"><Process/><BindingHeaderInstructions><PreserveBindingHeaders>true</PreserveBindingHeaders></BindingHeaderInstructions><TransportHeaderInstructions><PreserveTransportHeaders>true</PreserveTransportHeaders></TransportHeaderInstructions></OperationImplementation><OperationImplementation InterfaceName="ns14:Google_Drive_API.raml_PortType" LastUpdated="1425620135736" OperationName="GET__files__fileId__parents__parentId_" xmlns:ns14="https://www.googleapis.com/drive/v2"><Process/><BindingHeaderInstructions><PreserveBindingHeaders>true</PreserveBindingHeaders></BindingHeaderInstructions><TransportHeaderInstructions><PreserveTransportHeaders>true</PreserveTransportHeaders></TransportHeaderInstructions></OperationImplementation><OperationImplementation InterfaceName="ns14:Google_Drive_API.raml_PortType" LastUpdated="1425620135780" OperationName="GET__files__fileId__permissions" xmlns:ns14="https://www.googleapis.com/drive/v2"><Process/><BindingHeaderInstructions><PreserveBindingHeaders>true</PreserveBindingHeaders></BindingHeaderInstructions><TransportHeaderInstructions><PreserveTransportHeaders>true</PreserveTransportHeaders></TransportHeaderInstructions></OperationImplementation><OperationImplementation InterfaceName="ns14:Google_Drive_API.raml_PortType" LastUpdated="1425620135821" OperationName="GET__files__fileId__permissions__permissionId_" xmlns:ns14="https://www.googleapis.com/drive/v2"><Process/><BindingHeaderInstructions><PreserveBindingHeaders>true</PreserveBindingHeaders></BindingHeaderInstructions><TransportHeaderInstructions><PreserveTransportHeaders>true</PreserveTransportHeaders></TransportHeaderInstructions></OperationImplementation><OperationImplementation InterfaceName="ns14:Google_Drive_API.raml_PortType" LastUpdated="1425620135863" OperationName="GET__files__fileId__properties" xmlns:ns14="https://www.googleapis.com/drive/v2"><Process/><BindingHeaderInstructions><PreserveBindingHeaders>true</PreserveBindingHeaders></BindingHeaderInstructions><TransportHeaderInstructions><PreserveTransportHeaders>true</PreserveTransportHeaders></TransportHeaderInstructions></OperationImplementation><OperationImplementation InterfaceName="ns14:Google_Drive_API.raml_PortType" LastUpdated="1425620135901" OperationName="GET__files__fileId__properties__propertyKey_" xmlns:ns14="https://www.googleapis.com/drive/v2"><Process/><BindingHeaderInstructions><PreserveBindingHeaders>true</PreserveBindingHeaders></BindingHeaderInstructions><TransportHeaderInstructions><PreserveTransportHeaders>true</PreserveTransportHeaders></TransportHeaderInstructions></OperationImplementation><OperationImplementation InterfaceName="ns14:Google_Drive_API.raml_PortType" LastUpdated="1425620135946" OperationName="GET__files__fileId__revisions" xmlns:ns14="https://www.googleapis.com/drive/v2"><Process/><BindingHeaderInstructions><PreserveBindingHeaders>true</PreserveBindingHeaders></BindingHeaderInstructions><TransportHeaderInstructions><PreserveTransportHeaders>true</PreserveTransportHeaders></TransportHeaderInstructions></OperationImplementation><OperationImplementation InterfaceName="ns14:Google_Drive_API.raml_PortType" LastUpdated="1425620136332" OperationName="GET__files__fileId__revisions__revisionId_" xmlns:ns14="https://www.googleapis.com/drive/v2"><Process/><BindingHeaderInstructions><PreserveBindingHeaders>true</PreserveBindingHeaders></BindingHeaderInstructions><TransportHeaderInstructions><PreserveTransportHeaders>true</PreserveTransportHeaders></TransportHeaderInstructions></OperationImplementation><OperationImplementation InterfaceName="ns14:Google_Drive_API.raml_PortType" LastUpdated="1425620136388" OperationName="GET__files__folderId__children" xmlns:ns14="https://www.googleapis.com/drive/v2"><Process/><BindingHeaderInstructions><PreserveBindingHeaders>true</PreserveBindingHeaders></BindingHeaderInstructions><TransportHeaderInstructions><PreserveTransportHeaders>true</PreserveTransportHeaders></TransportHeaderInstructions></OperationImplementation><OperationImplementation InterfaceName="ns14:Google_Drive_API.raml_PortType" LastUpdated="1425620136435" OperationName="GET__files__folderId__children__childId_" xmlns:ns14="https://www.googleapis.com/drive/v2"><Process/><BindingHeaderInstructions><PreserveBindingHeaders>true</PreserveBindingHeaders></BindingHeaderInstructions><TransportHeaderInstructions><PreserveTransportHeaders>true</PreserveTransportHeaders></TransportHeaderInstructions></OperationImplementation><OperationImplementation InterfaceName="ns14:Google_Drive_API.raml_PortType" LastUpdated="1425620136474" OperationName="GET__permissionIds__email_" xmlns:ns14="https://www.googleapis.com/drive/v2"><Process/><BindingHeaderInstructions><PreserveBindingHeaders>true</PreserveBindingHeaders></BindingHeaderInstructions><TransportHeaderInstructions><PreserveTransportHeaders>true</PreserveTransportHeaders></TransportHeaderInstructions></OperationImplementation><OperationImplementation InterfaceName="ns14:Google_Drive_API.raml_PortType" LastUpdated="1425620136521" OperationName="POST__changes" xmlns:ns14="https://www.googleapis.com/drive/v2"><Process/><BindingHeaderInstructions><PreserveBindingHeaders>true</PreserveBindingHeaders></BindingHeaderInstructions><TransportHeaderInstructions><PreserveTransportHeaders>true</PreserveTransportHeaders></TransportHeaderInstructions></OperationImplementation><OperationImplementation InterfaceName="ns14:Google_Drive_API.raml_PortType" LastUpdated="1425620136564" OperationName="POST__channels_stop" xmlns:ns14="https://www.googleapis.com/drive/v2"><Process/><BindingHeaderInstructions><PreserveBindingHeaders>true</PreserveBindingHeaders></BindingHeaderInstructions><TransportHeaderInstructions><PreserveTransportHeaders>true</PreserveTransportHeaders></TransportHeaderInstructions></OperationImplementation><OperationImplementation InterfaceName="ns14:Google_Drive_API.raml_PortType" LastUpdated="1425620347105" OperationName="POST__files" xmlns:ns14="https://www.googleapis.com/drive/v2"><Process/><BindingHeaderInstructions><PreserveBindingHeaders>true</PreserveBindingHeaders></BindingHeaderInstructions><TransportHeaderInstructions><PreserveTransportHeaders>true</PreserveTransportHeaders></TransportHeaderInstructions></OperationImplementation><OperationImplementation InterfaceName="ns14:Google_Drive_API.raml_PortType" LastUpdated="1425620136647" OperationName="POST__files__fileId__comments" xmlns:ns14="https://www.googleapis.com/drive/v2"><Process/><BindingHeaderInstructions><PreserveBindingHeaders>true</PreserveBindingHeaders></BindingHeaderInstructions><TransportHeaderInstructions><PreserveTransportHeaders>true</PreserveTransportHeaders></TransportHeaderInstructions></OperationImplementation><OperationImplementation InterfaceName="ns14:Google_Drive_API.raml_PortType" LastUpdated="1425620136691" OperationName="POST__files__fileId__comments__commentId__replies" xmlns:ns14="https://www.googleapis.com/drive/v2"><Process/><BindingHeaderInstructions><PreserveBindingHeaders>true</PreserveBindingHeaders></BindingHeaderInstructions><TransportHeaderInstructions><PreserveTransportHeaders>true</PreserveTransportHeaders></TransportHeaderInstructions></OperationImplementation><OperationImplementation InterfaceName="ns14:Google_Drive_API.raml_PortType" LastUpdated="1425620136758" OperationName="POST__files__fileId__copy" xmlns:ns14="https://www.googleapis.com/drive/v2"><Process/><BindingHeaderInstructions><PreserveBindingHeaders>true</PreserveBindingHeaders></BindingHeaderInstructions><TransportHeaderInstructions><PreserveTransportHeaders>true</PreserveTransportHeaders></TransportHeaderInstructions></OperationImplementation><OperationImplementation InterfaceName="ns14:Google_Drive_API.raml_PortType" LastUpdated="1425620136803" OperationName="POST__files__fileId__parents" xmlns:ns14="https://www.googleapis.com/drive/v2"><Process/><BindingHeaderInstructions><PreserveBindingHeaders>true</PreserveBindingHeaders></BindingHeaderInstructions><TransportHeaderInstructions><PreserveTransportHeaders>true</PreserveTransportHeaders></TransportHeaderInstructions></OperationImplementation><OperationImplementation InterfaceName="ns14:Google_Drive_API.raml_PortType" LastUpdated="1425620136843" OperationName="POST__files__fileId__permissions" xmlns:ns14="https://www.googleapis.com/drive/v2"><Process/><BindingHeaderInstructions><PreserveBindingHeaders>true</PreserveBindingHeaders></BindingHeaderInstructions><TransportHeaderInstructions><PreserveTransportHeaders>true</PreserveTransportHeaders></TransportHeaderInstructions></OperationImplementation><OperationImplementation InterfaceName="ns14:Google_Drive_API.raml_PortType" LastUpdated="1425620136884" OperationName="POST__files__fileId__properties" xmlns:ns14="https://www.googleapis.com/drive/v2"><Process/><BindingHeaderInstructions><PreserveBindingHeaders>true</PreserveBindingHeaders></BindingHeaderInstructions><TransportHeaderInstructions><PreserveTransportHeaders>true</PreserveTransportHeaders></TransportHeaderInstructions></OperationImplementation><OperationImplementation InterfaceName="ns14:Google_Drive_API.raml_PortType" LastUpdated="1425620136927" OperationName="POST__files__fileId__touch" xmlns:ns14="https://www.googleapis.com/drive/v2"><Process/><BindingHeaderInstructions><PreserveBindingHeaders>true</PreserveBindingHeaders></BindingHeaderInstructions><TransportHeaderInstructions><PreserveTransportHeaders>true</PreserveTransportHeaders></TransportHeaderInstructions></OperationImplementation><OperationImplementation InterfaceName="ns14:Google_Drive_API.raml_PortType" LastUpdated="1425620136969" OperationName="POST__files__fileId__trash" xmlns:ns14="https://www.googleapis.com/drive/v2"><Process/><BindingHeaderInstructions><PreserveBindingHeaders>true</PreserveBindingHeaders></BindingHeaderInstructions><TransportHeaderInstructions><PreserveTransportHeaders>true</PreserveTransportHeaders></TransportHeaderInstructions></OperationImplementation><OperationImplementation InterfaceName="ns14:Google_Drive_API.raml_PortType" LastUpdated="1425620137011" OperationName="POST__files__fileId__untrash" xmlns:ns14="https://www.googleapis.com/drive/v2"><Process/><BindingHeaderInstructions><PreserveBindingHeaders>true</PreserveBindingHeaders></BindingHeaderInstructions><TransportHeaderInstructions><PreserveTransportHeaders>true</PreserveTransportHeaders></TransportHeaderInstructions></OperationImplementation><OperationImplementation InterfaceName="ns14:Google_Drive_API.raml_PortType" LastUpdated="1425620137051" OperationName="POST__files__fileId__watch" xmlns:ns14="https://www.googleapis.com/drive/v2"><Process/><BindingHeaderInstructions><PreserveBindingHeaders>true</PreserveBindingHeaders></BindingHeaderInstructions><TransportHeaderInstructions><PreserveTransportHeaders>true</PreserveTransportHeaders></TransportHeaderInstructions></OperationImplementation><OperationImplementation InterfaceName="ns14:Google_Drive_API.raml_PortType" LastUpdated="1425620137092" OperationName="POST__files__folderId__children" xmlns:ns14="https://www.googleapis.com/drive/v2"><Process/><BindingHeaderInstructions><PreserveBindingHeaders>true</PreserveBindingHeaders></BindingHeaderInstructions><TransportHeaderInstructions><PreserveTransportHeaders>true</PreserveTransportHeaders></TransportHeaderInstructions></OperationImplementation><OperationImplementation InterfaceName="ns14:Google_Drive_API.raml_PortType" LastUpdated="1425620137129" OperationName="PUT__files__fileId_" xmlns:ns14="https://www.googleapis.com/drive/v2"><Process/><BindingHeaderInstructions><PreserveBindingHeaders>true</PreserveBindingHeaders></BindingHeaderInstructions><TransportHeaderInstructions><PreserveTransportHeaders>true</PreserveTransportHeaders></TransportHeaderInstructions></OperationImplementation><OperationImplementation InterfaceName="ns14:Google_Drive_API.raml_PortType" LastUpdated="1425620137169" OperationName="PUT__files__fileId__comments__commentId_" xmlns:ns14="https://www.googleapis.com/drive/v2"><Process/><BindingHeaderInstructions><PreserveBindingHeaders>true</PreserveBindingHeaders></BindingHeaderInstructions><TransportHeaderInstructions><PreserveTransportHeaders>true</PreserveTransportHeaders></TransportHeaderInstructions></OperationImplementation><OperationImplementation InterfaceName="ns14:Google_Drive_API.raml_PortType" LastUpdated="1425620137224" OperationName="PUT__files__fileId__comments__commentId__replies__replyId_" xmlns:ns14="https://www.googleapis.com/drive/v2"><Process/><BindingHeaderInstructions><PreserveBindingHeaders>true</PreserveBindingHeaders></BindingHeaderInstructions><TransportHeaderInstructions><PreserveTransportHeaders>true</PreserveTransportHeaders></TransportHeaderInstructions></OperationImplementation><OperationImplementation InterfaceName="ns14:Google_Drive_API.raml_PortType" LastUpdated="1425620137261" OperationName="PUT__files__fileId__permissions__permissionId_" xmlns:ns14="https://www.googleapis.com/drive/v2"><Process/><BindingHeaderInstructions><PreserveBindingHeaders>true</PreserveBindingHeaders></BindingHeaderInstructions><TransportHeaderInstructions><PreserveTransportHeaders>true</PreserveTransportHeaders></TransportHeaderInstructions></OperationImplementation><OperationImplementation InterfaceName="ns14:Google_Drive_API.raml_PortType" LastUpdated="1425620137299" OperationName="PUT__files__fileId__properties__propertyKey_" xmlns:ns14="https://www.googleapis.com/drive/v2"><Process/><BindingHeaderInstructions><PreserveBindingHeaders>true</PreserveBindingHeaders></BindingHeaderInstructions><TransportHeaderInstructions><PreserveTransportHeaders>true</PreserveTransportHeaders></TransportHeaderInstructions></OperationImplementation><OperationImplementation InterfaceName="ns14:Google_Drive_API.raml_PortType" LastUpdated="1425620137340" OperationName="PUT__files__fileId__revisions__revisionId_" xmlns:ns14="https://www.googleapis.com/drive/v2"><Process/><BindingHeaderInstructions><PreserveBindingHeaders>true</PreserveBindingHeaders></BindingHeaderInstructions><TransportHeaderInstructions><PreserveTransportHeaders>true</PreserveTransportHeaders></TransportHeaderInstructions></OperationImplementation></VirtualServiceConfiguration>