<?xml version="1.0" encoding="UTF-8"?>
<VirtualServiceConfiguration LastUpdated="1426561288191" ServiceName="ns13:Google_Drive_Hook" xmlns="http://soa.com/capabilities/service/virtualization/bpel" xmlns:ns10="http://schemas.xmlsoap.org/ws/2003/03/business-process/" xmlns:ns11="http://soa.com/bpel/ext" xmlns:ns12="http://schemas.xmlsoap.org/ws/2003/05/partner-link/" xmlns:ns13="https://hooks.soa.com" xmlns:ns2="http://schemas.xmlsoap.org/ws/2006/02/addressingidentity" xmlns:ns3="http://www.w3.org/2000/09/xmldsig#" xmlns:ns4="http://docs.oasis-open.org/wss/2004/01/oasis-200401-wss-wssecurity-secext-1.0.xsd" xmlns:ns5="http://docs.oasis-open.org/wss/2004/01/oasis-200401-wss-wssecurity-utility-1.0.xsd" xmlns:ns6="http://schemas.xmlsoap.org/ws/2004/09/mex" xmlns:ns7="http://soa.com/capabilities/service/virtualization/bpel/activity" xmlns:ns8="http://www.w3.org/2001/04/xmlenc#" xmlns:ns9="http://federatedgovernance.org/mc/configuration/x509"><OutboundIdentityConfig><UseInboundIdentities xmlns:xs="http://www.w3.org/2001/XMLSchema" xmlns:xsi="http://www.w3.org/2001/XMLSchema-instance" xsi:type="xs:boolean">true</UseInboundIdentities><UseServiceIdentityForHTTPS>false</UseServiceIdentityForHTTPS></OutboundIdentityConfig><OperationImplementation InterfaceName="ns14:Google_Drive_Hook_PortType" LastUpdated="1426561288167" OperationName="DELETE__files__fileId_" xmlns:ns14="https://soa.com"><Process/><BindingHeaderInstructions><PreserveBindingHeaders>true</PreserveBindingHeaders></BindingHeaderInstructions><TransportHeaderInstructions><PreserveTransportHeaders>true</PreserveTransportHeaders></TransportHeaderInstructions></OperationImplementation><OperationImplementation InterfaceName="ns14:Google_Drive_Hook_PortType" LastUpdated="1426561288167" OperationName="DELETE__files__fileId__comments__commentId_" xmlns:ns14="https://soa.com"><Process/><BindingHeaderInstructions><PreserveBindingHeaders>true</PreserveBindingHeaders></BindingHeaderInstructions><TransportHeaderInstructions><PreserveTransportHeaders>true</PreserveTransportHeaders></TransportHeaderInstructions></OperationImplementation><OperationImplementation InterfaceName="ns14:Google_Drive_Hook_PortType" LastUpdated="1426561288167" OperationName="DELETE__files__fileId__comments__commentId__replies__replyId_" xmlns:ns14="https://soa.com"><Process/><BindingHeaderInstructions><PreserveBindingHeaders>true</PreserveBindingHeaders></BindingHeaderInstructions><TransportHeaderInstructions><PreserveTransportHeaders>true</PreserveTransportHeaders></TransportHeaderInstructions></OperationImplementation><OperationImplementation InterfaceName="ns14:Google_Drive_Hook_PortType" LastUpdated="1426561288167" OperationName="DELETE__files__fileId__parents__parentId_" xmlns:ns14="https://soa.com"><Process/><BindingHeaderInstructions><PreserveBindingHeaders>true</PreserveBindingHeaders></BindingHeaderInstructions><TransportHeaderInstructions><PreserveTransportHeaders>true</PreserveTransportHeaders></TransportHeaderInstructions></OperationImplementation><OperationImplementation InterfaceName="ns14:Google_Drive_Hook_PortType" LastUpdated="1426561288167" OperationName="DELETE__files__fileId__permissions__permissionId_" xmlns:ns14="https://soa.com"><Process/><BindingHeaderInstructions><PreserveBindingHeaders>true</PreserveBindingHeaders></BindingHeaderInstructions><TransportHeaderInstructions><PreserveTransportHeaders>true</PreserveTransportHeaders></TransportHeaderInstructions></OperationImplementation><OperationImplementation InterfaceName="ns14:Google_Drive_Hook_PortType" LastUpdated="1426561288167" OperationName="DELETE__files__fileId__properties__propertyKey_" xmlns:ns14="https://soa.com"><Process/><BindingHeaderInstructions><PreserveBindingHeaders>true</PreserveBindingHeaders></BindingHeaderInstructions><TransportHeaderInstructions><PreserveTransportHeaders>true</PreserveTransportHeaders></TransportHeaderInstructions></OperationImplementation><OperationImplementation InterfaceName="ns14:Google_Drive_Hook_PortType" LastUpdated="1426561288167" OperationName="DELETE__files__fileId__revisions__revisionId_" xmlns:ns14="https://soa.com"><Process/><BindingHeaderInstructions><PreserveBindingHeaders>true</PreserveBindingHeaders></BindingHeaderInstructions><TransportHeaderInstructions><PreserveTransportHeaders>true</PreserveTransportHeaders></TransportHeaderInstructions></OperationImplementation><OperationImplementation InterfaceName="ns14:Google_Drive_Hook_PortType" LastUpdated="1426561288167" OperationName="DELETE__files__fileId__trash" xmlns:ns14="https://soa.com"><Process/><BindingHeaderInstructions><PreserveBindingHeaders>true</PreserveBindingHeaders></BindingHeaderInstructions><TransportHeaderInstructions><PreserveTransportHeaders>true</PreserveTransportHeaders></TransportHeaderInstructions></OperationImplementation><OperationImplementation InterfaceName="ns14:Google_Drive_Hook_PortType" LastUpdated="1426561288167" OperationName="DELETE__files__folderId__children__childId_" xmlns:ns14="https://soa.com"><Process/><BindingHeaderInstructions><PreserveBindingHeaders>true</PreserveBindingHeaders></BindingHeaderInstructions><TransportHeaderInstructions><PreserveTransportHeaders>true</PreserveTransportHeaders></TransportHeaderInstructions></OperationImplementation><OperationImplementation InterfaceName="ns14:Google_Drive_Hook_PortType" LastUpdated="1426561288167" OperationName="GET__about" xmlns:ns14="https://soa.com"><Process/><BindingHeaderInstructions><PreserveBindingHeaders>true</PreserveBindingHeaders></BindingHeaderInstructions><TransportHeaderInstructions><PreserveTransportHeaders>true</PreserveTransportHeaders></TransportHeaderInstructions></OperationImplementation><OperationImplementation InterfaceName="ns14:Google_Drive_Hook_PortType" LastUpdated="1426561288167" OperationName="GET__apps" xmlns:ns14="https://soa.com"><Process/><BindingHeaderInstructions><PreserveBindingHeaders>true</PreserveBindingHeaders></BindingHeaderInstructions><TransportHeaderInstructions><PreserveTransportHeaders>true</PreserveTransportHeaders></TransportHeaderInstructions></OperationImplementation><OperationImplementation InterfaceName="ns14:Google_Drive_Hook_PortType" LastUpdated="1426561288167" OperationName="GET__apps__appId_" xmlns:ns14="https://soa.com"><Process/><BindingHeaderInstructions><PreserveBindingHeaders>true</PreserveBindingHeaders></BindingHeaderInstructions><TransportHeaderInstructions><PreserveTransportHeaders>true</PreserveTransportHeaders></TransportHeaderInstructions></OperationImplementation><OperationImplementation InterfaceName="ns14:Google_Drive_Hook_PortType" LastUpdated="1426561288167" OperationName="GET__changes" xmlns:ns14="https://soa.com"><Process/><BindingHeaderInstructions><PreserveBindingHeaders>true</PreserveBindingHeaders></BindingHeaderInstructions><TransportHeaderInstructions><PreserveTransportHeaders>true</PreserveTransportHeaders></TransportHeaderInstructions></OperationImplementation><OperationImplementation InterfaceName="ns14:Google_Drive_Hook_PortType" LastUpdated="1426561288167" OperationName="GET__changes__changeId_" xmlns:ns14="https://soa.com"><Process/><BindingHeaderInstructions><PreserveBindingHeaders>true</PreserveBindingHeaders></BindingHeaderInstructions><TransportHeaderInstructions><PreserveTransportHeaders>true</PreserveTransportHeaders></TransportHeaderInstructions></OperationImplementation><OperationImplementation InterfaceName="ns14:Google_Drive_Hook_PortType" LastUpdated="1426561288167" OperationName="GET__files" xmlns:ns14="https://soa.com"><Process/><BindingHeaderInstructions><PreserveBindingHeaders>true</PreserveBindingHeaders></BindingHeaderInstructions><TransportHeaderInstructions><PreserveTransportHeaders>true</PreserveTransportHeaders></TransportHeaderInstructions></OperationImplementation><OperationImplementation InterfaceName="ns14:Google_Drive_Hook_PortType" LastUpdated="1426561288167" OperationName="GET__files__fileId_" xmlns:ns14="https://soa.com"><Process/><BindingHeaderInstructions><PreserveBindingHeaders>true</PreserveBindingHeaders></BindingHeaderInstructions><TransportHeaderInstructions><PreserveTransportHeaders>true</PreserveTransportHeaders></TransportHeaderInstructions></OperationImplementation><OperationImplementation InterfaceName="ns14:Google_Drive_Hook_PortType" LastUpdated="1426561288167" OperationName="GET__files__fileId__comments" xmlns:ns14="https://soa.com"><Process/><BindingHeaderInstructions><PreserveBindingHeaders>true</PreserveBindingHeaders></BindingHeaderInstructions><TransportHeaderInstructions><PreserveTransportHeaders>true</PreserveTransportHeaders></TransportHeaderInstructions></OperationImplementation><OperationImplementation InterfaceName="ns14:Google_Drive_Hook_PortType" LastUpdated="1426561288167" OperationName="GET__files__fileId__comments__commentId_" xmlns:ns14="https://soa.com"><Process/><BindingHeaderInstructions><PreserveBindingHeaders>true</PreserveBindingHeaders></BindingHeaderInstructions><TransportHeaderInstructions><PreserveTransportHeaders>true</PreserveTransportHeaders></TransportHeaderInstructions></OperationImplementation><OperationImplementation InterfaceName="ns14:Google_Drive_Hook_PortType" LastUpdated="1426561288167" OperationName="GET__files__fileId__comments__commentId__replies" xmlns:ns14="https://soa.com"><Process/><BindingHeaderInstructions><PreserveBindingHeaders>true</PreserveBindingHeaders></BindingHeaderInstructions><TransportHeaderInstructions><PreserveTransportHeaders>true</PreserveTransportHeaders></TransportHeaderInstructions></OperationImplementation><OperationImplementation InterfaceName="ns14:Google_Drive_Hook_PortType" LastUpdated="1426561288167" OperationName="GET__files__fileId__comments__commentId__replies__replyId_" xmlns:ns14="https://soa.com"><Process/><BindingHeaderInstructions><PreserveBindingHeaders>true</PreserveBindingHeaders></BindingHeaderInstructions><TransportHeaderInstructions><PreserveTransportHeaders>true</PreserveTransportHeaders></TransportHeaderInstructions></OperationImplementation><OperationImplementation InterfaceName="ns14:Google_Drive_Hook_PortType" LastUpdated="1426561288167" OperationName="GET__files__fileId__parents" xmlns:ns14="https://soa.com"><Process/><BindingHeaderInstructions><PreserveBindingHeaders>true</PreserveBindingHeaders></BindingHeaderInstructions><TransportHeaderInstructions><PreserveTransportHeaders>true</PreserveTransportHeaders></TransportHeaderInstructions></OperationImplementation><OperationImplementation InterfaceName="ns14:Google_Drive_Hook_PortType" LastUpdated="1426561288167" OperationName="GET__files__fileId__parents__parentId_" xmlns:ns14="https://soa.com"><Process/><BindingHeaderInstructions><PreserveBindingHeaders>true</PreserveBindingHeaders></BindingHeaderInstructions><TransportHeaderInstructions><PreserveTransportHeaders>true</PreserveTransportHeaders></TransportHeaderInstructions></OperationImplementation><OperationImplementation InterfaceName="ns14:Google_Drive_Hook_PortType" LastUpdated="1426561288167" OperationName="GET__files__fileId__permissions" xmlns:ns14="https://soa.com"><Process/><BindingHeaderInstructions><PreserveBindingHeaders>true</PreserveBindingHeaders></BindingHeaderInstructions><TransportHeaderInstructions><PreserveTransportHeaders>true</PreserveTransportHeaders></TransportHeaderInstructions></OperationImplementation><OperationImplementation InterfaceName="ns14:Google_Drive_Hook_PortType" LastUpdated="1426561288167" OperationName="GET__files__fileId__permissions__permissionId_" xmlns:ns14="https://soa.com"><Process/><BindingHeaderInstructions><PreserveBindingHeaders>true</PreserveBindingHeaders></BindingHeaderInstructions><TransportHeaderInstructions><PreserveTransportHeaders>true</PreserveTransportHeaders></TransportHeaderInstructions></OperationImplementation><OperationImplementation InterfaceName="ns14:Google_Drive_Hook_PortType" LastUpdated="1426561288167" OperationName="GET__files__fileId__properties" xmlns:ns14="https://soa.com"><Process/><BindingHeaderInstructions><PreserveBindingHeaders>true</PreserveBindingHeaders></BindingHeaderInstructions><TransportHeaderInstructions><PreserveTransportHeaders>true</PreserveTransportHeaders></TransportHeaderInstructions></OperationImplementation><OperationImplementation InterfaceName="ns14:Google_Drive_Hook_PortType" LastUpdated="1426561288167" OperationName="GET__files__fileId__properties__propertyKey_" xmlns:ns14="https://soa.com"><Process/><BindingHeaderInstructions><PreserveBindingHeaders>true</PreserveBindingHeaders></BindingHeaderInstructions><TransportHeaderInstructions><PreserveTransportHeaders>true</PreserveTransportHeaders></TransportHeaderInstructions></OperationImplementation><OperationImplementation InterfaceName="ns14:Google_Drive_Hook_PortType" LastUpdated="1426561288167" OperationName="GET__files__fileId__revisions" xmlns:ns14="https://soa.com"><Process/><BindingHeaderInstructions><PreserveBindingHeaders>true</PreserveBindingHeaders></BindingHeaderInstructions><TransportHeaderInstructions><PreserveTransportHeaders>true</PreserveTransportHeaders></TransportHeaderInstructions></OperationImplementation><OperationImplementation InterfaceName="ns14:Google_Drive_Hook_PortType" LastUpdated="1426561288167" OperationName="GET__files__fileId__revisions__revisionId_" xmlns:ns14="https://soa.com"><Process/><BindingHeaderInstructions><PreserveBindingHeaders>true</PreserveBindingHeaders></BindingHeaderInstructions><TransportHeaderInstructions><PreserveTransportHeaders>true</PreserveTransportHeaders></TransportHeaderInstructions></OperationImplementation><OperationImplementation InterfaceName="ns14:Google_Drive_Hook_PortType" LastUpdated="1426561288167" OperationName="GET__files__folderId__children" xmlns:ns14="https://soa.com"><Process/><BindingHeaderInstructions><PreserveBindingHeaders>true</PreserveBindingHeaders></BindingHeaderInstructions><TransportHeaderInstructions><PreserveTransportHeaders>true</PreserveTransportHeaders></TransportHeaderInstructions></OperationImplementation><OperationImplementation InterfaceName="ns14:Google_Drive_Hook_PortType" LastUpdated="1426561288167" OperationName="GET__files__folderId__children__childId_" xmlns:ns14="https://soa.com"><Process/><BindingHeaderInstructions><PreserveBindingHeaders>true</PreserveBindingHeaders></BindingHeaderInstructions><TransportHeaderInstructions><PreserveTransportHeaders>true</PreserveTransportHeaders></TransportHeaderInstructions></OperationImplementation><OperationImplementation InterfaceName="ns14:Google_Drive_Hook_PortType" LastUpdated="1426561288167" OperationName="GET__helloworld" xmlns:ns14="https://soa.com"><Process/><BindingHeaderInstructions/><TransportHeaderInstructions/></OperationImplementation><OperationImplementation InterfaceName="ns14:Google_Drive_Hook_PortType" LastUpdated="1426561288167" OperationName="GET__permissionIds__email_" xmlns:ns14="https://soa.com"><Process/><BindingHeaderInstructions><PreserveBindingHeaders>true</PreserveBindingHeaders></BindingHeaderInstructions><TransportHeaderInstructions><PreserveTransportHeaders>true</PreserveTransportHeaders></TransportHeaderInstructions></OperationImplementation><OperationImplementation InterfaceName="ns14:Google_Drive_Hook_PortType" LastUpdated="1426561288167" OperationName="POST__changes" xmlns:ns14="https://soa.com"><Process/><BindingHeaderInstructions><PreserveBindingHeaders>true</PreserveBindingHeaders></BindingHeaderInstructions><TransportHeaderInstructions><PreserveTransportHeaders>true</PreserveTransportHeaders></TransportHeaderInstructions></OperationImplementation><OperationImplementation InterfaceName="ns14:Google_Drive_Hook_PortType" LastUpdated="1426561288167" OperationName="POST__channels_stop" xmlns:ns14="https://soa.com"><Process/><BindingHeaderInstructions><PreserveBindingHeaders>true</PreserveBindingHeaders></BindingHeaderInstructions><TransportHeaderInstructions><PreserveTransportHeaders>true</PreserveTransportHeaders></TransportHeaderInstructions></OperationImplementation><OperationImplementation InterfaceName="ns14:Google_Drive_Hook_PortType" LastUpdated="1426561288167" OperationName="POST__files" xmlns:ns14="https://soa.com"><Process/><BindingHeaderInstructions><PreserveBindingHeaders>true</PreserveBindingHeaders></BindingHeaderInstructions><TransportHeaderInstructions><PreserveTransportHeaders>true</PreserveTransportHeaders></TransportHeaderInstructions></OperationImplementation><OperationImplementation InterfaceName="ns14:Google_Drive_Hook_PortType" LastUpdated="1426561288167" OperationName="POST__files__fileId__comments" xmlns:ns14="https://soa.com"><Process/><BindingHeaderInstructions><PreserveBindingHeaders>true</PreserveBindingHeaders></BindingHeaderInstructions><TransportHeaderInstructions><PreserveTransportHeaders>true</PreserveTransportHeaders></TransportHeaderInstructions></OperationImplementation><OperationImplementation InterfaceName="ns14:Google_Drive_Hook_PortType" LastUpdated="1426561288167" OperationName="POST__files__fileId__comments__commentId__replies" xmlns:ns14="https://soa.com"><Process/><BindingHeaderInstructions><PreserveBindingHeaders>true</PreserveBindingHeaders></BindingHeaderInstructions><TransportHeaderInstructions><PreserveTransportHeaders>true</PreserveTransportHeaders></TransportHeaderInstructions></OperationImplementation><OperationImplementation InterfaceName="ns14:Google_Drive_Hook_PortType" LastUpdated="1426561288167" OperationName="POST__files__fileId__copy" xmlns:ns14="https://soa.com"><Process/><BindingHeaderInstructions><PreserveBindingHeaders>true</PreserveBindingHeaders></BindingHeaderInstructions><TransportHeaderInstructions><PreserveTransportHeaders>true</PreserveTransportHeaders></TransportHeaderInstructions></OperationImplementation><OperationImplementation InterfaceName="ns14:Google_Drive_Hook_PortType" LastUpdated="1426561288167" OperationName="POST__files__fileId__parents" xmlns:ns14="https://soa.com"><Process/><BindingHeaderInstructions><PreserveBindingHeaders>true</PreserveBindingHeaders></BindingHeaderInstructions><TransportHeaderInstructions><PreserveTransportHeaders>true</PreserveTransportHeaders></TransportHeaderInstructions></OperationImplementation><OperationImplementation InterfaceName="ns14:Google_Drive_Hook_PortType" LastUpdated="1426561288167" OperationName="POST__files__fileId__permissions" xmlns:ns14="https://soa.com"><Process/><BindingHeaderInstructions><PreserveBindingHeaders>true</PreserveBindingHeaders></BindingHeaderInstructions><TransportHeaderInstructions><PreserveTransportHeaders>true</PreserveTransportHeaders></TransportHeaderInstructions></OperationImplementation><OperationImplementation InterfaceName="ns14:Google_Drive_Hook_PortType" LastUpdated="1426561288167" OperationName="POST__files__fileId__properties" xmlns:ns14="https://soa.com"><Process/><BindingHeaderInstructions><PreserveBindingHeaders>true</PreserveBindingHeaders></BindingHeaderInstructions><TransportHeaderInstructions><PreserveTransportHeaders>true</PreserveTransportHeaders></TransportHeaderInstructions></OperationImplementation><OperationImplementation InterfaceName="ns14:Google_Drive_Hook_PortType" LastUpdated="1426561288167" OperationName="POST__files__fileId__touch" xmlns:ns14="https://soa.com"><Process/><BindingHeaderInstructions><PreserveBindingHeaders>true</PreserveBindingHeaders></BindingHeaderInstructions><TransportHeaderInstructions><PreserveTransportHeaders>true</PreserveTransportHeaders></TransportHeaderInstructions></OperationImplementation><OperationImplementation InterfaceName="ns14:Google_Drive_Hook_PortType" LastUpdated="1426561288167" OperationName="POST__files__fileId__trash" xmlns:ns14="https://soa.com"><Process/><BindingHeaderInstructions><PreserveBindingHeaders>true</PreserveBindingHeaders></BindingHeaderInstructions><TransportHeaderInstructions><PreserveTransportHeaders>true</PreserveTransportHeaders></TransportHeaderInstructions></OperationImplementation><OperationImplementation InterfaceName="ns14:Google_Drive_Hook_PortType" LastUpdated="1426561288167" OperationName="POST__files__fileId__untrash" xmlns:ns14="https://soa.com"><Process/><BindingHeaderInstructions><PreserveBindingHeaders>true</PreserveBindingHeaders></BindingHeaderInstructions><TransportHeaderInstructions><PreserveTransportHeaders>true</PreserveTransportHeaders></TransportHeaderInstructions></OperationImplementation><OperationImplementation InterfaceName="ns14:Google_Drive_Hook_PortType" LastUpdated="1426561288167" OperationName="POST__files__fileId__watch" xmlns:ns14="https://soa.com"><Process/><BindingHeaderInstructions><PreserveBindingHeaders>true</PreserveBindingHeaders></BindingHeaderInstructions><TransportHeaderInstructions><PreserveTransportHeaders>true</PreserveTransportHeaders></TransportHeaderInstructions></OperationImplementation><OperationImplementation InterfaceName="ns14:Google_Drive_Hook_PortType" LastUpdated="1426561288167" OperationName="POST__files__folderId__children" xmlns:ns14="https://soa.com"><Process/><BindingHeaderInstructions><PreserveBindingHeaders>true</PreserveBindingHeaders></BindingHeaderInstructions><TransportHeaderInstructions><PreserveTransportHeaders>true</PreserveTransportHeaders></TransportHeaderInstructions></OperationImplementation><OperationImplementation InterfaceName="ns14:Google_Drive_Hook_PortType" LastUpdated="1426561288167" OperationName="POST__files_upload" xmlns:ns14="https://soa.com"><Process/><BindingHeaderInstructions><PreserveBindingHeaders>true</PreserveBindingHeaders></BindingHeaderInstructions><TransportHeaderInstructions><PreserveTransportHeaders>true</PreserveTransportHeaders></TransportHeaderInstructions></OperationImplementation><OperationImplementation InterfaceName="ns14:Google_Drive_Hook_PortType" LastUpdated="1426561288167" OperationName="PUT__files__fileId_" xmlns:ns14="https://soa.com"><Process/><BindingHeaderInstructions><PreserveBindingHeaders>true</PreserveBindingHeaders></BindingHeaderInstructions><TransportHeaderInstructions><PreserveTransportHeaders>true</PreserveTransportHeaders></TransportHeaderInstructions></OperationImplementation><OperationImplementation InterfaceName="ns14:Google_Drive_Hook_PortType" LastUpdated="1426561288167" OperationName="PUT__files__fileId__comments__commentId_" xmlns:ns14="https://soa.com"><Process/><BindingHeaderInstructions><PreserveBindingHeaders>true</PreserveBindingHeaders></BindingHeaderInstructions><TransportHeaderInstructions><PreserveTransportHeaders>true</PreserveTransportHeaders></TransportHeaderInstructions></OperationImplementation><OperationImplementation InterfaceName="ns14:Google_Drive_Hook_PortType" LastUpdated="1426561288167" OperationName="PUT__files__fileId__comments__commentId__replies__replyId_" xmlns:ns14="https://soa.com"><Process/><BindingHeaderInstructions><PreserveBindingHeaders>true</PreserveBindingHeaders></BindingHeaderInstructions><TransportHeaderInstructions><PreserveTransportHeaders>true</PreserveTransportHeaders></TransportHeaderInstructions></OperationImplementation><OperationImplementation InterfaceName="ns14:Google_Drive_Hook_PortType" LastUpdated="1426561288167" OperationName="PUT__files__fileId__permissions__permissionId_" xmlns:ns14="https://soa.com"><Process/><BindingHeaderInstructions><PreserveBindingHeaders>true</PreserveBindingHeaders></BindingHeaderInstructions><TransportHeaderInstructions><PreserveTransportHeaders>true</PreserveTransportHeaders></TransportHeaderInstructions></OperationImplementation><OperationImplementation InterfaceName="ns14:Google_Drive_Hook_PortType" LastUpdated="1426561288167" OperationName="PUT__files__fileId__properties__propertyKey_" xmlns:ns14="https://soa.com"><Process/><BindingHeaderInstructions><PreserveBindingHeaders>true</PreserveBindingHeaders></BindingHeaderInstructions><TransportHeaderInstructions><PreserveTransportHeaders>true</PreserveTransportHeaders></TransportHeaderInstructions></OperationImplementation><OperationImplementation InterfaceName="ns14:Google_Drive_Hook_PortType" LastUpdated="1426561288167" OperationName="PUT__files__fileId__revisions__revisionId_" xmlns:ns14="https://soa.com"><Process/><BindingHeaderInstructions><PreserveBindingHeaders>true</PreserveBindingHeaders></BindingHeaderInstructions><TransportHeaderInstructions><PreserveTransportHeaders>true</PreserveTransportHeaders></TransportHeaderInstructions></OperationImplementation></VirtualServiceConfiguration>