<?xml version="1.0" encoding="UTF-8"?>
<ns5:VirtualServiceConfiguration LastUpdated="1426287583770" ServiceName="ns13:Google_Drive_Hook" xmlns="http://schemas.xmlsoap.org/ws/2006/02/addressingidentity" xmlns:ns10="http://schemas.xmlsoap.org/ws/2003/03/business-process/" xmlns:ns11="http://soa.com/bpel/ext" xmlns:ns12="http://schemas.xmlsoap.org/ws/2003/05/partner-link/" xmlns:ns13="https://hooks.soa.com" xmlns:ns2="http://www.w3.org/2000/09/xmldsig#" xmlns:ns3="http://docs.oasis-open.org/wss/2004/01/oasis-200401-wss-wssecurity-secext-1.0.xsd" xmlns:ns4="http://docs.oasis-open.org/wss/2004/01/oasis-200401-wss-wssecurity-utility-1.0.xsd" xmlns:ns5="http://soa.com/capabilities/service/virtualization/bpel" xmlns:ns6="http://schemas.xmlsoap.org/ws/2004/09/mex" xmlns:ns7="http://soa.com/capabilities/service/virtualization/bpel/activity" xmlns:ns8="http://www.w3.org/2001/04/xmlenc#" xmlns:ns9="http://federatedgovernance.org/mc/configuration/x509"><ns5:OutboundIdentityConfig><ns5:UseInboundIdentities xmlns:xs="http://www.w3.org/2001/XMLSchema" xmlns:xsi="http://www.w3.org/2001/XMLSchema-instance" xsi:type="xs:boolean">true</ns5:UseInboundIdentities><ns5:UseServiceIdentityForHTTPS>false</ns5:UseServiceIdentityForHTTPS></ns5:OutboundIdentityConfig><ns5:PolicyImplementationConfig><ns5:ImplementPolicies>true</ns5:ImplementPolicies></ns5:PolicyImplementationConfig><ns5:OperationImplementation InterfaceName="ns14:Google_Drive_Hook_PortType" LastUpdated="1426287581554" OperationName="DELETE__files__fileId_" xmlns:ns14="https://soa.com"><ns5:Process/><ns5:BindingHeaderInstructions><ns5:PreserveBindingHeaders>true</ns5:PreserveBindingHeaders></ns5:BindingHeaderInstructions><ns5:TransportHeaderInstructions><ns5:PreserveTransportHeaders>true</ns5:PreserveTransportHeaders></ns5:TransportHeaderInstructions></ns5:OperationImplementation><ns5:OperationImplementation InterfaceName="ns14:Google_Drive_Hook_PortType" LastUpdated="1426287581596" OperationName="DELETE__files__fileId__comments__commentId_" xmlns:ns14="https://soa.com"><ns5:Process/><ns5:BindingHeaderInstructions><ns5:PreserveBindingHeaders>true</ns5:PreserveBindingHeaders></ns5:BindingHeaderInstructions><ns5:TransportHeaderInstructions><ns5:PreserveTransportHeaders>true</ns5:PreserveTransportHeaders></ns5:TransportHeaderInstructions></ns5:OperationImplementation><ns5:OperationImplementation InterfaceName="ns14:Google_Drive_Hook_PortType" LastUpdated="1426287581640" OperationName="DELETE__files__fileId__comments__commentId__replies__replyId_" xmlns:ns14="https://soa.com"><ns5:Process/><ns5:BindingHeaderInstructions><ns5:PreserveBindingHeaders>true</ns5:PreserveBindingHeaders></ns5:BindingHeaderInstructions><ns5:TransportHeaderInstructions><ns5:PreserveTransportHeaders>true</ns5:PreserveTransportHeaders></ns5:TransportHeaderInstructions></ns5:OperationImplementation><ns5:OperationImplementation InterfaceName="ns14:Google_Drive_Hook_PortType" LastUpdated="1426287581682" OperationName="DELETE__files__fileId__parents__parentId_" xmlns:ns14="https://soa.com"><ns5:Process/><ns5:BindingHeaderInstructions><ns5:PreserveBindingHeaders>true</ns5:PreserveBindingHeaders></ns5:BindingHeaderInstructions><ns5:TransportHeaderInstructions><ns5:PreserveTransportHeaders>true</ns5:PreserveTransportHeaders></ns5:TransportHeaderInstructions></ns5:OperationImplementation><ns5:OperationImplementation InterfaceName="ns14:Google_Drive_Hook_PortType" LastUpdated="1426287581725" OperationName="DELETE__files__fileId__permissions__permissionId_" xmlns:ns14="https://soa.com"><ns5:Process/><ns5:BindingHeaderInstructions><ns5:PreserveBindingHeaders>true</ns5:PreserveBindingHeaders></ns5:BindingHeaderInstructions><ns5:TransportHeaderInstructions><ns5:PreserveTransportHeaders>true</ns5:PreserveTransportHeaders></ns5:TransportHeaderInstructions></ns5:OperationImplementation><ns5:OperationImplementation InterfaceName="ns14:Google_Drive_Hook_PortType" LastUpdated="1426287581775" OperationName="DELETE__files__fileId__properties__propertyKey_" xmlns:ns14="https://soa.com"><ns5:Process/><ns5:BindingHeaderInstructions><ns5:PreserveBindingHeaders>true</ns5:PreserveBindingHeaders></ns5:BindingHeaderInstructions><ns5:TransportHeaderInstructions><ns5:PreserveTransportHeaders>true</ns5:PreserveTransportHeaders></ns5:TransportHeaderInstructions></ns5:OperationImplementation><ns5:OperationImplementation InterfaceName="ns14:Google_Drive_Hook_PortType" LastUpdated="1426287581827" OperationName="DELETE__files__fileId__revisions__revisionId_" xmlns:ns14="https://soa.com"><ns5:Process/><ns5:BindingHeaderInstructions><ns5:PreserveBindingHeaders>true</ns5:PreserveBindingHeaders></ns5:BindingHeaderInstructions><ns5:TransportHeaderInstructions><ns5:PreserveTransportHeaders>true</ns5:PreserveTransportHeaders></ns5:TransportHeaderInstructions></ns5:OperationImplementation><ns5:OperationImplementation InterfaceName="ns14:Google_Drive_Hook_PortType" LastUpdated="1426287581879" OperationName="DELETE__files__fileId__trash" xmlns:ns14="https://soa.com"><ns5:Process/><ns5:BindingHeaderInstructions><ns5:PreserveBindingHeaders>true</ns5:PreserveBindingHeaders></ns5:BindingHeaderInstructions><ns5:TransportHeaderInstructions><ns5:PreserveTransportHeaders>true</ns5:PreserveTransportHeaders></ns5:TransportHeaderInstructions></ns5:OperationImplementation><ns5:OperationImplementation InterfaceName="ns14:Google_Drive_Hook_PortType" LastUpdated="1426287581926" OperationName="DELETE__files__folderId__children__childId_" xmlns:ns14="https://soa.com"><ns5:Process/><ns5:BindingHeaderInstructions><ns5:PreserveBindingHeaders>true</ns5:PreserveBindingHeaders></ns5:BindingHeaderInstructions><ns5:TransportHeaderInstructions><ns5:PreserveTransportHeaders>true</ns5:PreserveTransportHeaders></ns5:TransportHeaderInstructions></ns5:OperationImplementation><ns5:OperationImplementation InterfaceName="ns14:Google_Drive_Hook_PortType" LastUpdated="1426287581967" OperationName="GET__about" xmlns:ns14="https://soa.com"><ns5:Process/><ns5:BindingHeaderInstructions><ns5:PreserveBindingHeaders>true</ns5:PreserveBindingHeaders></ns5:BindingHeaderInstructions><ns5:TransportHeaderInstructions><ns5:PreserveTransportHeaders>true</ns5:PreserveTransportHeaders></ns5:TransportHeaderInstructions></ns5:OperationImplementation><ns5:OperationImplementation InterfaceName="ns14:Google_Drive_Hook_PortType" LastUpdated="1426287582010" OperationName="GET__apps" xmlns:ns14="https://soa.com"><ns5:Process/><ns5:BindingHeaderInstructions><ns5:PreserveBindingHeaders>true</ns5:PreserveBindingHeaders></ns5:BindingHeaderInstructions><ns5:TransportHeaderInstructions><ns5:PreserveTransportHeaders>true</ns5:PreserveTransportHeaders></ns5:TransportHeaderInstructions></ns5:OperationImplementation><ns5:OperationImplementation InterfaceName="ns14:Google_Drive_Hook_PortType" LastUpdated="1426287582051" OperationName="GET__apps__appId_" xmlns:ns14="https://soa.com"><ns5:Process/><ns5:BindingHeaderInstructions><ns5:PreserveBindingHeaders>true</ns5:PreserveBindingHeaders></ns5:BindingHeaderInstructions><ns5:TransportHeaderInstructions><ns5:PreserveTransportHeaders>true</ns5:PreserveTransportHeaders></ns5:TransportHeaderInstructions></ns5:OperationImplementation><ns5:OperationImplementation InterfaceName="ns14:Google_Drive_Hook_PortType" LastUpdated="1426287582093" OperationName="GET__changes" xmlns:ns14="https://soa.com"><ns5:Process/><ns5:BindingHeaderInstructions><ns5:PreserveBindingHeaders>true</ns5:PreserveBindingHeaders></ns5:BindingHeaderInstructions><ns5:TransportHeaderInstructions><ns5:PreserveTransportHeaders>true</ns5:PreserveTransportHeaders></ns5:TransportHeaderInstructions></ns5:OperationImplementation><ns5:OperationImplementation InterfaceName="ns14:Google_Drive_Hook_PortType" LastUpdated="1426287582135" OperationName="GET__changes__changeId_" xmlns:ns14="https://soa.com"><ns5:Process/><ns5:BindingHeaderInstructions><ns5:PreserveBindingHeaders>true</ns5:PreserveBindingHeaders></ns5:BindingHeaderInstructions><ns5:TransportHeaderInstructions><ns5:PreserveTransportHeaders>true</ns5:PreserveTransportHeaders></ns5:TransportHeaderInstructions></ns5:OperationImplementation><ns5:OperationImplementation InterfaceName="ns14:Google_Drive_Hook_PortType" LastUpdated="1426287582178" OperationName="GET__files" xmlns:ns14="https://soa.com"><ns5:Process/><ns5:BindingHeaderInstructions><ns5:PreserveBindingHeaders>true</ns5:PreserveBindingHeaders></ns5:BindingHeaderInstructions><ns5:TransportHeaderInstructions><ns5:PreserveTransportHeaders>true</ns5:PreserveTransportHeaders></ns5:TransportHeaderInstructions></ns5:OperationImplementation><ns5:OperationImplementation InterfaceName="ns14:Google_Drive_Hook_PortType" LastUpdated="1426287582223" OperationName="GET__files__fileId_" xmlns:ns14="https://soa.com"><ns5:Process/><ns5:BindingHeaderInstructions><ns5:PreserveBindingHeaders>true</ns5:PreserveBindingHeaders></ns5:BindingHeaderInstructions><ns5:TransportHeaderInstructions><ns5:PreserveTransportHeaders>true</ns5:PreserveTransportHeaders></ns5:TransportHeaderInstructions></ns5:OperationImplementation><ns5:OperationImplementation InterfaceName="ns14:Google_Drive_Hook_PortType" LastUpdated="1426287582268" OperationName="GET__files__fileId__comments" xmlns:ns14="https://soa.com"><ns5:Process/><ns5:BindingHeaderInstructions><ns5:PreserveBindingHeaders>true</ns5:PreserveBindingHeaders></ns5:BindingHeaderInstructions><ns5:TransportHeaderInstructions><ns5:PreserveTransportHeaders>true</ns5:PreserveTransportHeaders></ns5:TransportHeaderInstructions></ns5:OperationImplementation><ns5:OperationImplementation InterfaceName="ns14:Google_Drive_Hook_PortType" LastUpdated="1426287582311" OperationName="GET__files__fileId__comments__commentId_" xmlns:ns14="https://soa.com"><ns5:Process/><ns5:BindingHeaderInstructions><ns5:PreserveBindingHeaders>true</ns5:PreserveBindingHeaders></ns5:BindingHeaderInstructions><ns5:TransportHeaderInstructions><ns5:PreserveTransportHeaders>true</ns5:PreserveTransportHeaders></ns5:TransportHeaderInstructions></ns5:OperationImplementation><ns5:OperationImplementation InterfaceName="ns14:Google_Drive_Hook_PortType" LastUpdated="1426287582357" OperationName="GET__files__fileId__comments__commentId__replies" xmlns:ns14="https://soa.com"><ns5:Process/><ns5:BindingHeaderInstructions><ns5:PreserveBindingHeaders>true</ns5:PreserveBindingHeaders></ns5:BindingHeaderInstructions><ns5:TransportHeaderInstructions><ns5:PreserveTransportHeaders>true</ns5:PreserveTransportHeaders></ns5:TransportHeaderInstructions></ns5:OperationImplementation><ns5:OperationImplementation InterfaceName="ns14:Google_Drive_Hook_PortType" LastUpdated="1426287582406" OperationName="GET__files__fileId__comments__commentId__replies__replyId_" xmlns:ns14="https://soa.com"><ns5:Process/><ns5:BindingHeaderInstructions><ns5:PreserveBindingHeaders>true</ns5:PreserveBindingHeaders></ns5:BindingHeaderInstructions><ns5:TransportHeaderInstructions><ns5:PreserveTransportHeaders>true</ns5:PreserveTransportHeaders></ns5:TransportHeaderInstructions></ns5:OperationImplementation><ns5:OperationImplementation InterfaceName="ns14:Google_Drive_Hook_PortType" LastUpdated="1426287582460" OperationName="GET__files__fileId__parents" xmlns:ns14="https://soa.com"><ns5:Process/><ns5:BindingHeaderInstructions><ns5:PreserveBindingHeaders>true</ns5:PreserveBindingHeaders></ns5:BindingHeaderInstructions><ns5:TransportHeaderInstructions><ns5:PreserveTransportHeaders>true</ns5:PreserveTransportHeaders></ns5:TransportHeaderInstructions></ns5:OperationImplementation><ns5:OperationImplementation InterfaceName="ns14:Google_Drive_Hook_PortType" LastUpdated="1426287582507" OperationName="GET__files__fileId__parents__parentId_" xmlns:ns14="https://soa.com"><ns5:Process/><ns5:BindingHeaderInstructions><ns5:PreserveBindingHeaders>true</ns5:PreserveBindingHeaders></ns5:BindingHeaderInstructions><ns5:TransportHeaderInstructions><ns5:PreserveTransportHeaders>true</ns5:PreserveTransportHeaders></ns5:TransportHeaderInstructions></ns5:OperationImplementation><ns5:OperationImplementation InterfaceName="ns14:Google_Drive_Hook_PortType" LastUpdated="1426287582553" OperationName="GET__files__fileId__permissions" xmlns:ns14="https://soa.com"><ns5:Process/><ns5:BindingHeaderInstructions><ns5:PreserveBindingHeaders>true</ns5:PreserveBindingHeaders></ns5:BindingHeaderInstructions><ns5:TransportHeaderInstructions><ns5:PreserveTransportHeaders>true</ns5:PreserveTransportHeaders></ns5:TransportHeaderInstructions></ns5:OperationImplementation><ns5:OperationImplementation InterfaceName="ns14:Google_Drive_Hook_PortType" LastUpdated="1426287582596" OperationName="GET__files__fileId__permissions__permissionId_" xmlns:ns14="https://soa.com"><ns5:Process/><ns5:BindingHeaderInstructions><ns5:PreserveBindingHeaders>true</ns5:PreserveBindingHeaders></ns5:BindingHeaderInstructions><ns5:TransportHeaderInstructions><ns5:PreserveTransportHeaders>true</ns5:PreserveTransportHeaders></ns5:TransportHeaderInstructions></ns5:OperationImplementation><ns5:OperationImplementation InterfaceName="ns14:Google_Drive_Hook_PortType" LastUpdated="1426287582638" OperationName="GET__files__fileId__properties" xmlns:ns14="https://soa.com"><ns5:Process/><ns5:BindingHeaderInstructions><ns5:PreserveBindingHeaders>true</ns5:PreserveBindingHeaders></ns5:BindingHeaderInstructions><ns5:TransportHeaderInstructions><ns5:PreserveTransportHeaders>true</ns5:PreserveTransportHeaders></ns5:TransportHeaderInstructions></ns5:OperationImplementation><ns5:OperationImplementation InterfaceName="ns14:Google_Drive_Hook_PortType" LastUpdated="1426287582680" OperationName="GET__files__fileId__properties__propertyKey_" xmlns:ns14="https://soa.com"><ns5:Process/><ns5:BindingHeaderInstructions><ns5:PreserveBindingHeaders>true</ns5:PreserveBindingHeaders></ns5:BindingHeaderInstructions><ns5:TransportHeaderInstructions><ns5:PreserveTransportHeaders>true</ns5:PreserveTransportHeaders></ns5:TransportHeaderInstructions></ns5:OperationImplementation><ns5:OperationImplementation InterfaceName="ns14:Google_Drive_Hook_PortType" LastUpdated="1426287582723" OperationName="GET__files__fileId__revisions" xmlns:ns14="https://soa.com"><ns5:Process/><ns5:BindingHeaderInstructions><ns5:PreserveBindingHeaders>true</ns5:PreserveBindingHeaders></ns5:BindingHeaderInstructions><ns5:TransportHeaderInstructions><ns5:PreserveTransportHeaders>true</ns5:PreserveTransportHeaders></ns5:TransportHeaderInstructions></ns5:OperationImplementation><ns5:OperationImplementation InterfaceName="ns14:Google_Drive_Hook_PortType" LastUpdated="1426287582765" OperationName="GET__files__fileId__revisions__revisionId_" xmlns:ns14="https://soa.com"><ns5:Process/><ns5:BindingHeaderInstructions><ns5:PreserveBindingHeaders>true</ns5:PreserveBindingHeaders></ns5:BindingHeaderInstructions><ns5:TransportHeaderInstructions><ns5:PreserveTransportHeaders>true</ns5:PreserveTransportHeaders></ns5:TransportHeaderInstructions></ns5:OperationImplementation><ns5:OperationImplementation InterfaceName="ns14:Google_Drive_Hook_PortType" LastUpdated="1426287582806" OperationName="GET__files__folderId__children" xmlns:ns14="https://soa.com"><ns5:Process/><ns5:BindingHeaderInstructions><ns5:PreserveBindingHeaders>true</ns5:PreserveBindingHeaders></ns5:BindingHeaderInstructions><ns5:TransportHeaderInstructions><ns5:PreserveTransportHeaders>true</ns5:PreserveTransportHeaders></ns5:TransportHeaderInstructions></ns5:OperationImplementation><ns5:OperationImplementation InterfaceName="ns14:Google_Drive_Hook_PortType" LastUpdated="1426287582850" OperationName="GET__files__folderId__children__childId_" xmlns:ns14="https://soa.com"><ns5:Process/><ns5:BindingHeaderInstructions><ns5:PreserveBindingHeaders>true</ns5:PreserveBindingHeaders></ns5:BindingHeaderInstructions><ns5:TransportHeaderInstructions><ns5:PreserveTransportHeaders>true</ns5:PreserveTransportHeaders></ns5:TransportHeaderInstructions></ns5:OperationImplementation><ns5:OperationImplementation InterfaceName="ns14:Google_Drive_Hook_PortType" LastUpdated="1426287582889" OperationName="GET__permissionIds__email_" xmlns:ns14="https://soa.com"><ns5:Process/><ns5:BindingHeaderInstructions><ns5:PreserveBindingHeaders>true</ns5:PreserveBindingHeaders></ns5:BindingHeaderInstructions><ns5:TransportHeaderInstructions><ns5:PreserveTransportHeaders>true</ns5:PreserveTransportHeaders></ns5:TransportHeaderInstructions></ns5:OperationImplementation><ns5:OperationImplementation InterfaceName="ns14:Google_Drive_Hook_PortType" LastUpdated="1426287582930" OperationName="POST__changes" xmlns:ns14="https://soa.com"><ns5:Process/><ns5:BindingHeaderInstructions><ns5:PreserveBindingHeaders>true</ns5:PreserveBindingHeaders></ns5:BindingHeaderInstructions><ns5:TransportHeaderInstructions><ns5:PreserveTransportHeaders>true</ns5:PreserveTransportHeaders></ns5:TransportHeaderInstructions></ns5:OperationImplementation><ns5:OperationImplementation InterfaceName="ns14:Google_Drive_Hook_PortType" LastUpdated="1426287582978" OperationName="POST__channels_stop" xmlns:ns14="https://soa.com"><ns5:Process/><ns5:BindingHeaderInstructions><ns5:PreserveBindingHeaders>true</ns5:PreserveBindingHeaders></ns5:BindingHeaderInstructions><ns5:TransportHeaderInstructions><ns5:PreserveTransportHeaders>true</ns5:PreserveTransportHeaders></ns5:TransportHeaderInstructions></ns5:OperationImplementation><ns5:OperationImplementation InterfaceName="ns14:Google_Drive_Hook_PortType" LastUpdated="1426287583019" OperationName="POST__files" xmlns:ns14="https://soa.com"><ns5:Process/><ns5:BindingHeaderInstructions><ns5:PreserveBindingHeaders>true</ns5:PreserveBindingHeaders></ns5:BindingHeaderInstructions><ns5:TransportHeaderInstructions><ns5:PreserveTransportHeaders>true</ns5:PreserveTransportHeaders></ns5:TransportHeaderInstructions></ns5:OperationImplementation><ns5:OperationImplementation InterfaceName="ns14:Google_Drive_Hook_PortType" LastUpdated="1426287583062" OperationName="POST__files__fileId__comments" xmlns:ns14="https://soa.com"><ns5:Process/><ns5:BindingHeaderInstructions><ns5:PreserveBindingHeaders>true</ns5:PreserveBindingHeaders></ns5:BindingHeaderInstructions><ns5:TransportHeaderInstructions><ns5:PreserveTransportHeaders>true</ns5:PreserveTransportHeaders></ns5:TransportHeaderInstructions></ns5:OperationImplementation><ns5:OperationImplementation InterfaceName="ns14:Google_Drive_Hook_PortType" LastUpdated="1426287583102" OperationName="POST__files__fileId__comments__commentId__replies" xmlns:ns14="https://soa.com"><ns5:Process/><ns5:BindingHeaderInstructions><ns5:PreserveBindingHeaders>true</ns5:PreserveBindingHeaders></ns5:BindingHeaderInstructions><ns5:TransportHeaderInstructions><ns5:PreserveTransportHeaders>true</ns5:PreserveTransportHeaders></ns5:TransportHeaderInstructions></ns5:OperationImplementation><ns5:OperationImplementation InterfaceName="ns14:Google_Drive_Hook_PortType" LastUpdated="1426287583141" OperationName="POST__files__fileId__copy" xmlns:ns14="https://soa.com"><ns5:Process/><ns5:BindingHeaderInstructions><ns5:PreserveBindingHeaders>true</ns5:PreserveBindingHeaders></ns5:BindingHeaderInstructions><ns5:TransportHeaderInstructions><ns5:PreserveTransportHeaders>true</ns5:PreserveTransportHeaders></ns5:TransportHeaderInstructions></ns5:OperationImplementation><ns5:OperationImplementation InterfaceName="ns14:Google_Drive_Hook_PortType" LastUpdated="1426287583182" OperationName="POST__files__fileId__parents" xmlns:ns14="https://soa.com"><ns5:Process/><ns5:BindingHeaderInstructions><ns5:PreserveBindingHeaders>true</ns5:PreserveBindingHeaders></ns5:BindingHeaderInstructions><ns5:TransportHeaderInstructions><ns5:PreserveTransportHeaders>true</ns5:PreserveTransportHeaders></ns5:TransportHeaderInstructions></ns5:OperationImplementation><ns5:OperationImplementation InterfaceName="ns14:Google_Drive_Hook_PortType" LastUpdated="1426287583224" OperationName="POST__files__fileId__permissions" xmlns:ns14="https://soa.com"><ns5:Process/><ns5:BindingHeaderInstructions><ns5:PreserveBindingHeaders>true</ns5:PreserveBindingHeaders></ns5:BindingHeaderInstructions><ns5:TransportHeaderInstructions><ns5:PreserveTransportHeaders>true</ns5:PreserveTransportHeaders></ns5:TransportHeaderInstructions></ns5:OperationImplementation><ns5:OperationImplementation InterfaceName="ns14:Google_Drive_Hook_PortType" LastUpdated="1426287583265" OperationName="POST__files__fileId__properties" xmlns:ns14="https://soa.com"><ns5:Process/><ns5:BindingHeaderInstructions><ns5:PreserveBindingHeaders>true</ns5:PreserveBindingHeaders></ns5:BindingHeaderInstructions><ns5:TransportHeaderInstructions><ns5:PreserveTransportHeaders>true</ns5:PreserveTransportHeaders></ns5:TransportHeaderInstructions></ns5:OperationImplementation><ns5:OperationImplementation InterfaceName="ns14:Google_Drive_Hook_PortType" LastUpdated="1426287583308" OperationName="POST__files__fileId__touch" xmlns:ns14="https://soa.com"><ns5:Process/><ns5:BindingHeaderInstructions><ns5:PreserveBindingHeaders>true</ns5:PreserveBindingHeaders></ns5:BindingHeaderInstructions><ns5:TransportHeaderInstructions><ns5:PreserveTransportHeaders>true</ns5:PreserveTransportHeaders></ns5:TransportHeaderInstructions></ns5:OperationImplementation><ns5:OperationImplementation InterfaceName="ns14:Google_Drive_Hook_PortType" LastUpdated="1426287583346" OperationName="POST__files__fileId__trash" xmlns:ns14="https://soa.com"><ns5:Process/><ns5:BindingHeaderInstructions><ns5:PreserveBindingHeaders>true</ns5:PreserveBindingHeaders></ns5:BindingHeaderInstructions><ns5:TransportHeaderInstructions><ns5:PreserveTransportHeaders>true</ns5:PreserveTransportHeaders></ns5:TransportHeaderInstructions></ns5:OperationImplementation><ns5:OperationImplementation InterfaceName="ns14:Google_Drive_Hook_PortType" LastUpdated="1426287583386" OperationName="POST__files__fileId__untrash" xmlns:ns14="https://soa.com"><ns5:Process/><ns5:BindingHeaderInstructions><ns5:PreserveBindingHeaders>true</ns5:PreserveBindingHeaders></ns5:BindingHeaderInstructions><ns5:TransportHeaderInstructions><ns5:PreserveTransportHeaders>true</ns5:PreserveTransportHeaders></ns5:TransportHeaderInstructions></ns5:OperationImplementation><ns5:OperationImplementation InterfaceName="ns14:Google_Drive_Hook_PortType" LastUpdated="1426287583427" OperationName="POST__files__fileId__watch" xmlns:ns14="https://soa.com"><ns5:Process/><ns5:BindingHeaderInstructions><ns5:PreserveBindingHeaders>true</ns5:PreserveBindingHeaders></ns5:BindingHeaderInstructions><ns5:TransportHeaderInstructions><ns5:PreserveTransportHeaders>true</ns5:PreserveTransportHeaders></ns5:TransportHeaderInstructions></ns5:OperationImplementation><ns5:OperationImplementation InterfaceName="ns14:Google_Drive_Hook_PortType" LastUpdated="1426287583469" OperationName="POST__files__folderId__children" xmlns:ns14="https://soa.com"><ns5:Process/><ns5:BindingHeaderInstructions><ns5:PreserveBindingHeaders>true</ns5:PreserveBindingHeaders></ns5:BindingHeaderInstructions><ns5:TransportHeaderInstructions><ns5:PreserveTransportHeaders>true</ns5:PreserveTransportHeaders></ns5:TransportHeaderInstructions></ns5:OperationImplementation><ns5:OperationImplementation InterfaceName="ns14:Google_Drive_Hook_PortType" LastUpdated="1426287583510" OperationName="POST__files_upload" xmlns:ns14="https://soa.com"><ns5:Process/><ns5:BindingHeaderInstructions><ns5:PreserveBindingHeaders>true</ns5:PreserveBindingHeaders></ns5:BindingHeaderInstructions><ns5:TransportHeaderInstructions><ns5:PreserveTransportHeaders>true</ns5:PreserveTransportHeaders></ns5:TransportHeaderInstructions></ns5:OperationImplementation><ns5:OperationImplementation InterfaceName="ns14:Google_Drive_Hook_PortType" LastUpdated="1426287583565" OperationName="PUT__files__fileId_" xmlns:ns14="https://soa.com"><ns5:Process/><ns5:BindingHeaderInstructions><ns5:PreserveBindingHeaders>true</ns5:PreserveBindingHeaders></ns5:BindingHeaderInstructions><ns5:TransportHeaderInstructions><ns5:PreserveTransportHeaders>true</ns5:PreserveTransportHeaders></ns5:TransportHeaderInstructions></ns5:OperationImplementation><ns5:OperationImplementation InterfaceName="ns14:Google_Drive_Hook_PortType" LastUpdated="1426287583605" OperationName="PUT__files__fileId__comments__commentId_" xmlns:ns14="https://soa.com"><ns5:Process/><ns5:BindingHeaderInstructions><ns5:PreserveBindingHeaders>true</ns5:PreserveBindingHeaders></ns5:BindingHeaderInstructions><ns5:TransportHeaderInstructions><ns5:PreserveTransportHeaders>true</ns5:PreserveTransportHeaders></ns5:TransportHeaderInstructions></ns5:OperationImplementation><ns5:OperationImplementation InterfaceName="ns14:Google_Drive_Hook_PortType" LastUpdated="1426287583645" OperationName="PUT__files__fileId__comments__commentId__replies__replyId_" xmlns:ns14="https://soa.com"><ns5:Process/><ns5:BindingHeaderInstructions><ns5:PreserveBindingHeaders>true</ns5:PreserveBindingHeaders></ns5:BindingHeaderInstructions><ns5:TransportHeaderInstructions><ns5:PreserveTransportHeaders>true</ns5:PreserveTransportHeaders></ns5:TransportHeaderInstructions></ns5:OperationImplementation><ns5:OperationImplementation InterfaceName="ns14:Google_Drive_Hook_PortType" LastUpdated="1426287583689" OperationName="PUT__files__fileId__permissions__permissionId_" xmlns:ns14="https://soa.com"><ns5:Process/><ns5:BindingHeaderInstructions><ns5:PreserveBindingHeaders>true</ns5:PreserveBindingHeaders></ns5:BindingHeaderInstructions><ns5:TransportHeaderInstructions><ns5:PreserveTransportHeaders>true</ns5:PreserveTransportHeaders></ns5:TransportHeaderInstructions></ns5:OperationImplementation><ns5:OperationImplementation InterfaceName="ns14:Google_Drive_Hook_PortType" LastUpdated="1426287583729" OperationName="PUT__files__fileId__properties__propertyKey_" xmlns:ns14="https://soa.com"><ns5:Process/><ns5:BindingHeaderInstructions><ns5:PreserveBindingHeaders>true</ns5:PreserveBindingHeaders></ns5:BindingHeaderInstructions><ns5:TransportHeaderInstructions><ns5:PreserveTransportHeaders>true</ns5:PreserveTransportHeaders></ns5:TransportHeaderInstructions></ns5:OperationImplementation><ns5:OperationImplementation InterfaceName="ns14:Google_Drive_Hook_PortType" LastUpdated="1426287583770" OperationName="PUT__files__fileId__revisions__revisionId_" xmlns:ns14="https://soa.com"><ns5:Process/><ns5:BindingHeaderInstructions><ns5:PreserveBindingHeaders>true</ns5:PreserveBindingHeaders></ns5:BindingHeaderInstructions><ns5:TransportHeaderInstructions><ns5:PreserveTransportHeaders>true</ns5:PreserveTransportHeaders></ns5:TransportHeaderInstructions></ns5:OperationImplementation></ns5:VirtualServiceConfiguration>