<?xml version="1.0" encoding="UTF-8"?>
<ns2:ExportConfiguration xmlns:ns1="http://digev.com/uri/products/Types/xsd/1.0" xmlns:ns10="http://soa.com/uri/products/IdentityAuthorization/xsd/1.0" xmlns:ns11="http://soa.com/uri/products/Policy/xsd/1.0" xmlns:ns12="http://digev.com/uri/products/AlertManager/xsd/1.0" xmlns:ns13="http://soa.com/uri/products/Contracts/xsd/1.0" xmlns:ns14="http://digev.com/uri/products/PolicyManager/xsd/1.0" xmlns:ns15="urn:uddi-org:sub_v3" xmlns:ns2="http://www.soa.com/uri/products/ServiceManagerMigration/xsd/1.0" xmlns:ns3="http://digev.com/uri/products/ManagementServer/xsd/1.0" xmlns:ns4="http://www.soa.com/uri/products/SLAPolicy/xsd/1.0" xmlns:ns5="urn:uddi-org:api_v3" xmlns:ns6="http://www.w3.org/2000/09/xmldsig#" xmlns:ns7="http://soa.com/uri/products/ServiceProperties/1.0" xmlns:ns8="http://soa.com/uri/products/ServiceEndpointProperties/1.0" xmlns:ns9="http://soa.com/uri/products/Organization/xsd/1.0"><ns2:SourceOrganization><ns1:Key>uddi:soa.com:registryorganization</ns1:Key></ns2:SourceOrganization><ns2:ExportObjectConfiguration><ns1:OrganizationKey><ns1:Key>uddi:9adb52b6-b649-11e4-9c29-d6275be28ced</ns1:Key></ns1:OrganizationKey><ns2:ExportOrganization><ns9:Organization><ns9:OrganizationKey><ns1:Key>uddi:9adb52b6-b649-11e4-9c29-d6275be28ced</ns1:Key></ns9:OrganizationKey><ns9:ParentKey><ns1:Key>uddi:soa.com:registryorganization</ns1:Key></ns9:ParentKey><ns9:Name>Google Drive Hook</ns9:Name><ns9:Description></ns9:Description><ns9:OrganizationType>Project</ns9:OrganizationType></ns9:Organization><ns5:businessEntity businessKey="uddi:9adb52b6-b649-11e4-9c29-d6275be28ced"><ns5:name>Google Drive Hook</ns5:name><ns5:categoryBag><ns5:keyedReferenceGroup tModelKey="uddi:soa.com:organization:group"><ns5:keyedReference keyName="Organization type" keyValue="Project" tModelKey="uddi:soa.com:categorization:organizationtype"/></ns5:keyedReferenceGroup></ns5:categoryBag></ns5:businessEntity></ns2:ExportOrganization></ns2:ExportObjectConfiguration><ns2:ExportObjectConfiguration><ns1:ScriptKey><ns1:Key>script:cab432a2-a4f4-11e4-8c33-f78776b6b53c</ns1:Key></ns1:ScriptKey><ns2:ExportScript><ns2:ScriptUri>scripts/script_cab432a2-a4f4-11e4-8c33-f78776b6b53c.xml</ns2:ScriptUri><ns2:Name>Signature</ns2:Name><ns2:Description>uses Java to signed the object passed in, with the method passed in as a parameter</ns2:Description><ns2:ScriptKey>script:cab432a2-a4f4-11e4-8c33-f78776b6b53c</ns2:ScriptKey><ns2:OrganizationKey>uddi:9adb52b6-b649-11e4-9c29-d6275be28ced</ns2:OrganizationKey><ns2:Type>js</ns2:Type></ns2:ExportScript></ns2:ExportObjectConfiguration><ns2:ExportObjectConfiguration><ns1:BpelKey><ns1:Key>bpel:fc42fc59-b64e-11e4-9c29-d6275be28ced</ns1:Key></ns1:BpelKey><ns2:ExportBpel><ns2:BpelUri>bpels/bpel_fc42fc59-b64e-11e4-9c29-d6275be28ced.xml</ns2:BpelUri></ns2:ExportBpel></ns2:ExportObjectConfiguration><ns2:ExportObjectConfiguration><ns1:BpelKey><ns1:Key>bpel:576ecbfb-b264-11e4-9d14-dc40c838bd18</ns1:Key></ns1:BpelKey><ns2:ExportBpel><ns2:BpelUri>bpels/bpel_576ecbfb-b264-11e4-9d14-dc40c838bd18.xml</ns2:BpelUri></ns2:ExportBpel></ns2:ExportObjectConfiguration><ns2:ExportObjectConfiguration><ns1:BpelKey><ns1:Key>bpel:27e5a30b-b64f-11e4-9c29-d6275be28ced</ns1:Key></ns1:BpelKey><ns2:ExportBpel><ns2:BpelUri>bpels/bpel_27e5a30b-b64f-11e4-9c29-d6275be28ced.xml</ns2:BpelUri></ns2:ExportBpel></ns2:ExportObjectConfiguration><ns2:ExportObjectConfiguration><ns1:BpelKey><ns1:Key>bpel:6baecaf4-6f33-11e4-8fed-dad2b3c7c30a</ns1:Key></ns1:BpelKey><ns2:ExportBpel><ns2:BpelUri>bpels/bpel_6baecaf4-6f33-11e4-8fed-dad2b3c7c30a.xml</ns2:BpelUri></ns2:ExportBpel></ns2:ExportObjectConfiguration><ns2:ExportObjectConfiguration><ns1:BpelKey><ns1:Key>bpel:34a9006f-b64f-11e4-9c29-d6275be28ced</ns1:Key></ns1:BpelKey><ns2:ExportBpel><ns2:BpelUri>bpels/bpel_34a9006f-b64f-11e4-9c29-d6275be28ced.xml</ns2:BpelUri></ns2:ExportBpel></ns2:ExportObjectConfiguration><ns2:ExportObjectConfiguration><ns1:BpelKey><ns1:Key>bpel:916513c3-a5ed-11e4-b69f-e2b8365dcc19</ns1:Key></ns1:BpelKey><ns2:ExportBpel><ns2:BpelUri>bpels/bpel_916513c3-a5ed-11e4-b69f-e2b8365dcc19.xml</ns2:BpelUri></ns2:ExportBpel></ns2:ExportObjectConfiguration><ns2:ExportObjectConfiguration><ns1:BpelKey><ns1:Key>bpel:8035265e-b6ff-11e4-a1d3-e7b0fbac92ac</ns1:Key></ns1:BpelKey><ns2:ExportBpel><ns2:BpelUri>bpels/bpel_8035265e-b6ff-11e4-a1d3-e7b0fbac92ac.xml</ns2:BpelUri></ns2:ExportBpel></ns2:ExportObjectConfiguration><ns2:ExportObjectConfiguration><ns1:BpelKey><ns1:Key>bpel:f3f1d7b0-b64c-11e4-9c29-d6275be28ced</ns1:Key></ns1:BpelKey><ns2:ExportBpel><ns2:BpelUri>bpels/bpel_f3f1d7b0-b64c-11e4-9c29-d6275be28ced.xml</ns2:BpelUri></ns2:ExportBpel></ns2:ExportObjectConfiguration><ns2:ExportObjectConfiguration><ns1:BpelKey><ns1:Key>bpel:6fe96dde-b264-11e4-9d14-dc40c838bd18</ns1:Key></ns1:BpelKey><ns2:ExportBpel><ns2:BpelUri>bpels/bpel_6fe96dde-b264-11e4-9d14-dc40c838bd18.xml</ns2:BpelUri></ns2:ExportBpel></ns2:ExportObjectConfiguration><ns2:ExportObjectConfiguration><ns1:BpelKey><ns1:Key>bpel:40dffc52-b64f-11e4-9c29-d6275be28ced</ns1:Key></ns1:BpelKey><ns2:ExportBpel><ns2:BpelUri>bpels/bpel_40dffc52-b64f-11e4-9c29-d6275be28ced.xml</ns2:BpelUri></ns2:ExportBpel></ns2:ExportObjectConfiguration><ns2:ExportObjectConfiguration><ns1:InterfaceKey><ns1:Key>uddi:d20279c4-855f-b85a-8e68-a4e710409060</ns1:Key><ns1:InterfaceQName>{http://www.soa.com/trialleads}TrialLeads_API_PortType</ns1:InterfaceQName></ns1:InterfaceKey><ns2:ExportInterface><ns5:tModel deleted="false" tModelKey="uddi:d20279c4-855f-b85a-8e68-a4e710409060"><ns5:name>TrialLeads_API_PortType</ns5:name><ns5:categoryBag><ns5:keyedReference keyName="WSDL type" keyValue="portType" tModelKey="uddi:uddi.org:wsdl:types"/><ns5:keyedReference keyName="portType namespace" keyValue="http://www.soa.com/trialleads" tModelKey="uddi:uddi.org:xml:namespace"/></ns5:categoryBag></ns5:tModel><ns2:InterfaceWsdlUri>wsdls/uddi_d20279c4-855f-b85a-8e68-a4e710409060.wsdl</ns2:InterfaceWsdlUri></ns2:ExportInterface></ns2:ExportObjectConfiguration><ns2:ExportObjectConfiguration><ns1:InterfaceKey><ns1:Key>uddi:b4b1ca78-0a1d-62b2-9738-8b5fb3430f79</ns1:Key><ns1:InterfaceQName>{https://www.googleapis.com/upload/drive/v2}Google_Drive_Upload_API.raml_PortType</ns1:InterfaceQName></ns1:InterfaceKey><ns2:ExportInterface><ns5:tModel deleted="false" tModelKey="uddi:b4b1ca78-0a1d-62b2-9738-8b5fb3430f79"><ns5:name>Google_Drive_Upload_API.raml_PortType</ns5:name><ns5:categoryBag><ns5:keyedReference keyName="portType namespace" keyValue="https://www.googleapis.com/upload/drive/v2" tModelKey="uddi:uddi.org:xml:namespace"/><ns5:keyedReference keyName="WSDL type" keyValue="portType" tModelKey="uddi:uddi.org:wsdl:types"/></ns5:categoryBag></ns5:tModel><ns2:InterfaceWsdlUri>wsdls/uddi_b4b1ca78-0a1d-62b2-9738-8b5fb3430f79.wsdl</ns2:InterfaceWsdlUri></ns2:ExportInterface></ns2:ExportObjectConfiguration><ns2:ExportObjectConfiguration><ns1:InterfaceKey><ns1:Key>uddi:f8740229-0ee7-4455-f110-e229ccd73f9b</ns1:Key><ns1:InterfaceQName>{https://www.googleapis.com/drive/v2}Google_Drive_API.raml_PortType</ns1:InterfaceQName></ns1:InterfaceKey><ns2:ExportInterface><ns5:tModel deleted="false" tModelKey="uddi:f8740229-0ee7-4455-f110-e229ccd73f9b"><ns5:name>Google_Drive_API.raml_PortType</ns5:name><ns5:categoryBag><ns5:keyedReference keyName="portType namespace" keyValue="https://www.googleapis.com/drive/v2" tModelKey="uddi:uddi.org:xml:namespace"/><ns5:keyedReference keyName="WSDL type" keyValue="portType" tModelKey="uddi:uddi.org:wsdl:types"/></ns5:categoryBag></ns5:tModel><ns2:InterfaceWsdlUri>wsdls/uddi_f8740229-0ee7-4455-f110-e229ccd73f9b.wsdl</ns2:InterfaceWsdlUri></ns2:ExportInterface></ns2:ExportObjectConfiguration><ns2:ExportObjectConfiguration><ns1:InterfaceKey><ns1:Key>uddi:1d873bff-958d-a5f4-59f7-4aacb94c8fbd</ns1:Key><ns1:InterfaceQName>{https://www.googleapis.com/oauth2/v3}Google_Auth_API_PortType</ns1:InterfaceQName></ns1:InterfaceKey><ns2:ExportInterface><ns5:tModel deleted="false" tModelKey="uddi:1d873bff-958d-a5f4-59f7-4aacb94c8fbd"><ns5:name>Google_Auth_API_PortType</ns5:name><ns5:categoryBag><ns5:keyedReference keyName="WSDL type" keyValue="portType" tModelKey="uddi:uddi.org:wsdl:types"/><ns5:keyedReference keyName="portType namespace" keyValue="https://www.googleapis.com/oauth2/v3" tModelKey="uddi:uddi.org:xml:namespace"/></ns5:categoryBag></ns5:tModel><ns2:InterfaceWsdlUri>wsdls/uddi_1d873bff-958d-a5f4-59f7-4aacb94c8fbd.wsdl</ns2:InterfaceWsdlUri></ns2:ExportInterface></ns2:ExportObjectConfiguration><ns2:ExportObjectConfiguration><ns1:BindingKey><ns1:Key>uddi:42abd95a-9ff0-91d3-86c4-d67d04e098f0</ns1:Key><ns1:BindingQName>{http://www.soa.com/trialleads}Google_TrialLeads</ns1:BindingQName><ns1:BindingType>binding.http</ns1:BindingType></ns1:BindingKey><ns2:ExportBinding><ns5:tModel deleted="false" tModelKey="uddi:42abd95a-9ff0-91d3-86c4-d67d04e098f0"><ns5:name>Google_TrialLeads</ns5:name><ns5:overviewDoc><ns5:overviewURL>wsdl.xml</ns5:overviewURL></ns5:overviewDoc><ns5:categoryBag><ns5:keyedReference keyName="binding namespace" keyValue="http://www.soa.com/trialleads" tModelKey="uddi:uddi.org:xml:namespace"/><ns5:keyedReference keyName="WSDL type" keyValue="binding" tModelKey="uddi:uddi.org:wsdl:types"/><ns5:keyedReference keyName="portType Reference" keyValue="uddi:d20279c4-855f-b85a-8e68-a4e710409060" tModelKey="uddi:uddi.org:wsdl:porttypereference"/><ns5:keyedReference keyName="uddi-org:types" keyValue="wsdlSpec" tModelKey="uddi:uddi.org:categorization:types"/></ns5:categoryBag></ns5:tModel><ns2:BindingWsdlUri>wsdls/uddi_42abd95a-9ff0-91d3-86c4-d67d04e098f0.wsdl</ns2:BindingWsdlUri></ns2:ExportBinding></ns2:ExportObjectConfiguration><ns2:ExportObjectConfiguration><ns1:BindingKey><ns1:Key>uddi:f6401129-03f3-096e-b9ab-ccff1f90ad34</ns1:Key><ns1:BindingQName>{https://www.googleapis.com/upload/drive/v2}Google_Drive_Upload_API.raml_Binding</ns1:BindingQName><ns1:BindingType>binding.http</ns1:BindingType></ns1:BindingKey><ns2:ExportBinding><ns5:tModel deleted="false" tModelKey="uddi:f6401129-03f3-096e-b9ab-ccff1f90ad34"><ns5:name>Google_Drive_Upload_API.raml_Binding</ns5:name><ns5:categoryBag><ns5:keyedReference keyName="binding namespace" keyValue="https://www.googleapis.com/upload/drive/v2" tModelKey="uddi:uddi.org:xml:namespace"/><ns5:keyedReference keyName="WSDL type" keyValue="binding" tModelKey="uddi:uddi.org:wsdl:types"/><ns5:keyedReference keyName="portType Reference" keyValue="uddi:b4b1ca78-0a1d-62b2-9738-8b5fb3430f79" tModelKey="uddi:uddi.org:wsdl:porttypereference"/><ns5:keyedReference keyName="uddi-org:types" keyValue="wsdlSpec" tModelKey="uddi:uddi.org:categorization:types"/></ns5:categoryBag></ns5:tModel><ns2:BindingWsdlUri>wsdls/uddi_f6401129-03f3-096e-b9ab-ccff1f90ad34.wsdl</ns2:BindingWsdlUri></ns2:ExportBinding></ns2:ExportObjectConfiguration><ns2:ExportObjectConfiguration><ns1:BindingKey><ns1:Key>uddi:64606179-b7d9-a827-117b-a9f6d17bf5b6</ns1:Key><ns1:BindingQName>{https://www.googleapis.com/drive/v2}Google_Drive_API.raml_Binding</ns1:BindingQName><ns1:BindingType>binding.http</ns1:BindingType></ns1:BindingKey><ns2:ExportBinding><ns5:tModel deleted="false" tModelKey="uddi:64606179-b7d9-a827-117b-a9f6d17bf5b6"><ns5:name>Google_Drive_API.raml_Binding</ns5:name><ns5:categoryBag><ns5:keyedReference keyName="binding namespace" keyValue="https://www.googleapis.com/drive/v2" tModelKey="uddi:uddi.org:xml:namespace"/><ns5:keyedReference keyName="WSDL type" keyValue="binding" tModelKey="uddi:uddi.org:wsdl:types"/><ns5:keyedReference keyName="portType Reference" keyValue="uddi:f8740229-0ee7-4455-f110-e229ccd73f9b" tModelKey="uddi:uddi.org:wsdl:porttypereference"/><ns5:keyedReference keyName="uddi-org:types" keyValue="wsdlSpec" tModelKey="uddi:uddi.org:categorization:types"/></ns5:categoryBag></ns5:tModel><ns2:BindingWsdlUri>wsdls/uddi_64606179-b7d9-a827-117b-a9f6d17bf5b6.wsdl</ns2:BindingWsdlUri></ns2:ExportBinding></ns2:ExportObjectConfiguration><ns2:ExportObjectConfiguration><ns1:BindingKey><ns1:Key>uddi:ec24fd7d-e934-befa-c152-7cbd2229812d</ns1:Key><ns1:BindingQName>{https://www.googleapis.com/oauth2/v3}Google_Auth_API_Binding</ns1:BindingQName><ns1:BindingType>binding.http</ns1:BindingType></ns1:BindingKey><ns2:ExportBinding><ns5:tModel deleted="false" tModelKey="uddi:ec24fd7d-e934-befa-c152-7cbd2229812d"><ns5:name>Google_Auth_API_Binding</ns5:name><ns5:categoryBag><ns5:keyedReference keyName="uddi-org:types" keyValue="wsdlSpec" tModelKey="uddi:uddi.org:categorization:types"/><ns5:keyedReference keyName="portType Reference" keyValue="uddi:1d873bff-958d-a5f4-59f7-4aacb94c8fbd" tModelKey="uddi:uddi.org:wsdl:porttypereference"/><ns5:keyedReference keyName="WSDL type" keyValue="binding" tModelKey="uddi:uddi.org:wsdl:types"/><ns5:keyedReference keyName="binding namespace" keyValue="https://www.googleapis.com/oauth2/v3" tModelKey="uddi:uddi.org:xml:namespace"/></ns5:categoryBag></ns5:tModel><ns2:BindingWsdlUri>wsdls/uddi_ec24fd7d-e934-befa-c152-7cbd2229812d.wsdl</ns2:BindingWsdlUri></ns2:ExportBinding></ns2:ExportObjectConfiguration><ns2:ExportObjectConfiguration><ns1:ServiceKey><ns1:Key>uddi:9c640d9a-b64c-11e4-9c29-d6275be28ced</ns1:Key><ns1:ServiceQName>{http://www.soa.com/google/trialleads}TrialLeads_API_Binding</ns1:ServiceQName></ns1:ServiceKey><ns2:ExportService><ns3:VirtualService BusinessKey="uddi:9adb52b6-b649-11e4-9c29-d6275be28ced" ServiceKey="uddi:9c640d9a-b64c-11e4-9c29-d6275be28ced" WsdlServiceLocalName="TrialLeads_API_Binding" WsdlTargetNamespaceUrl="http://www.soa.com/google/trialleads"><ns3:Name>TrialLeads_API_Google</ns3:Name><ns3:Description></ns3:Description><ns3:Operations><ns3:LogicalOperation InterfaceName="{http://www.soa.com/trialleads}TrialLeads_API_PortType" ManagementState="Enabled" NumOfVirtualizedOperations="0" OperationKey="9ca50e41-b64c-11e4-9c29-d6275be28ced" OperationLastUpdatedAt="2015-02-18T01:04:52.553Z" OperationName="GET /leads" PolicyAvailable="true" ServiceKey="uddi:9c640d9a-b64c-11e4-9c29-d6275be28ced" WsdlOperationName="GET__leads"/><ns3:LogicalOperation InterfaceName="{http://www.soa.com/trialleads}TrialLeads_API_PortType" ManagementState="Enabled" NextHopOperationKey="uddi:dcf73e4d-6f5d-11e4-8fed-dad2b3c7c30a$$${http://localhost:3500}Crest_PortType$$$POST___db___collection_" NextHopOperationName="POST /street-address" NextHopServiceKey="uddi:6c6f6168-700a-11e4-8fed-dad2b3c7c30a" NextHopServiceName="SmartyStreets_API" NumOfVirtualizedOperations="0" OperationKey="9ca2762e-b64c-11e4-9c29-d6275be28ced" OperationLastUpdatedAt="2015-02-18T01:04:52.553Z" OperationName="POST /leads" PolicyAvailable="true" ServiceKey="uddi:9c640d9a-b64c-11e4-9c29-d6275be28ced" WsdlOperationName="POST__leads"><ns3:NextHopOperation InterfaceName="{https://api.smartystreets.com}SmartyStreets_API_PortType" OperationKey="f9f16876-97c0-11e4-bfec-8fb3ddad882e" OperationLastUpdatedAt="2015-01-09T05:33:01.717Z" OperationName="POST /street-address" ServiceKey="uddi:6c6f6168-700a-11e4-8fed-dad2b3c7c30a" ServiceName="SmartyStreets_API" WsdlOperationName="POST__street-address"/></ns3:LogicalOperation></ns3:Operations></ns3:VirtualService><ns5:businessService businessKey="uddi:9adb52b6-b649-11e4-9c29-d6275be28ced" serviceKey="uddi:9c640d9a-b64c-11e4-9c29-d6275be28ced"><ns5:name>TrialLeads_API_Google</ns5:name><ns5:bindingTemplates><ns5:bindingTemplate bindingKey="uddi:9cc3e0e5-b64c-11e4-9c29-d6275be28ced" serviceKey="uddi:9c640d9a-b64c-11e4-9c29-d6275be28ced"><ns5:accessPoint useType="endPoint">http://win7-64-vm:80/GoogleLeads</ns5:accessPoint><ns5:tModelInstanceDetails><ns5:tModelInstanceInfo tModelKey="uddi:42abd95a-9ff0-91d3-86c4-d67d04e098f0"><ns5:description>The wsdl:binding that this wsdl:port implements. The instanceParms specifies the port local name.</ns5:description><ns5:instanceDetails><ns5:instanceParms>HTTP</ns5:instanceParms></ns5:instanceDetails></ns5:tModelInstanceInfo><ns5:tModelInstanceInfo tModelKey="uddi:d20279c4-855f-b85a-8e68-a4e710409060"><ns5:description>The wsdl:portType that this wsdl:port implements.</ns5:description></ns5:tModelInstanceInfo></ns5:tModelInstanceDetails><ns5:categoryBag><ns5:keyedReference keyName="WSDL type" keyValue="port" tModelKey="uddi:uddi.org:wsdl:types"/><ns5:keyedReferenceGroup tModelKey="uddi:soa.com:serviceendpoint:group"><ns5:keyedReference keyName="containerKey" keyValue="ND-Cluster" tModelKey="uddi:soa.com:serviceendpoint:containername"/><ns5:keyedReference keyName="listenerName" keyValue="default-http0" tModelKey="uddi:soa.com:serviceendpoint:listenername"/></ns5:keyedReferenceGroup></ns5:categoryBag></ns5:bindingTemplate></ns5:bindingTemplates><ns5:categoryBag><ns5:keyedReference keyName="Virtual Service" keyValue="Virtual Service" tModelKey="uddi:digev.com:categorization:services"/><ns5:keyedReference keyName="Design" keyValue="Design" tModelKey="uddi:soa.com:servicelifecyclestage"/><ns5:keyedReference keyName="WSDL type" keyValue="service" tModelKey="uddi:uddi.org:wsdl:types"/><ns5:keyedReference keyName="service namespace" keyValue="http://www.soa.com/google/trialleads" tModelKey="uddi:uddi.org:xml:namespace"/><ns5:keyedReference keyName="service local name" keyValue="TrialLeads_API_Binding" tModelKey="uddi:uddi.org:xml:localname"/><ns5:keyedReference keyName="Managed Service" keyValue="Managed Service" tModelKey="uddi:digev.com:categorization:services"/><ns5:keyedReferenceGroup tModelKey="uddi:soa.com:service:group"/></ns5:categoryBag></ns5:businessService><ns2:ExportServiceEndpoint><ns8:ServiceEndpoint><ns8:ServiceKey>uddi:9c640d9a-b64c-11e4-9c29-d6275be28ced</ns8:ServiceKey><ns8:Name>uddi:9cc3e0e5-b64c-11e4-9c29-d6275be28ced</ns8:Name><ns8:Url>http://win7-64-vm:80/GoogleLeads</ns8:Url><ns8:BindingQName>{http://www.soa.com/trialleads}Google_TrialLeads</ns8:BindingQName><ns8:PortName>HTTP</ns8:PortName><ns8:Protocol>http</ns8:Protocol><ns8:ContainerKey>ND-Cluster</ns8:ContainerKey><ns8:ListenerName>default-http0</ns8:ListenerName></ns8:ServiceEndpoint><ns2:EndpointWsdlUri>wsdls/uddi_9cc3e0e5-b64c-11e4-9c29-d6275be28ced.wsdl</ns2:EndpointWsdlUri></ns2:ExportServiceEndpoint><ns2:BpelUri>services/uddi_9c640d9a-b64c-11e4-9c29-d6275be28ced/bpel.xml</ns2:BpelUri><ns2:ManagementUri>services/uddi_9c640d9a-b64c-11e4-9c29-d6275be28ced/management.xml</ns2:ManagementUri></ns2:ExportService></ns2:ExportObjectConfiguration><ns2:ExportObjectConfiguration><ns1:ServiceKey><ns1:Key>uddi:5a0e7613-b25c-11e4-9d14-dc40c838bd18</ns1:Key><ns1:ServiceQName>{https://www.googleapis.com/drive/v2}Google_Drive_API.raml</ns1:ServiceQName></ns1:ServiceKey><ns2:ExportService><ns3:PhysicalService BusinessKey="uddi:9adb52b6-b649-11e4-9c29-d6275be28ced" Discovered="false" ServiceKey="uddi:5a0e7613-b25c-11e4-9d14-dc40c838bd18" WsdlServiceLocalName="Google_Drive_API.raml" WsdlTargetNamespaceUrl="https://www.googleapis.com/drive/v2"><ns3:Name>Google_Drive_API</ns3:Name><ns3:Description></ns3:Description><ns3:Operations><ns3:Operation InterfaceName="{https://www.googleapis.com/drive/v2}Google_Drive_API.raml_PortType" ManagementState="Enabled" NumOfVirtualizedOperations="1" OperationKey="5a6ebe91-b25c-11e4-9d14-dc40c838bd18" OperationLastUpdatedAt="2015-02-12T02:10:46.057Z" OperationName="DELETE /files/{fileId}" PolicyAvailable="true" ServiceKey="uddi:5a0e7613-b25c-11e4-9d14-dc40c838bd18" WsdlOperationName="DELETE__files__fileId_"/><ns3:Operation InterfaceName="{https://www.googleapis.com/drive/v2}Google_Drive_API.raml_PortType" ManagementState="Enabled" NumOfVirtualizedOperations="0" OperationKey="5a7d3dad-b25c-11e4-9d14-dc40c838bd18" OperationLastUpdatedAt="2015-02-12T02:10:46.057Z" OperationName="DELETE /files/{fileId}/comments/{commentId}" PolicyAvailable="true" ServiceKey="uddi:5a0e7613-b25c-11e4-9d14-dc40c838bd18" WsdlOperationName="DELETE__files__fileId__comments__commentId_"/><ns3:Operation InterfaceName="{https://www.googleapis.com/drive/v2}Google_Drive_API.raml_PortType" ManagementState="Enabled" NumOfVirtualizedOperations="0" OperationKey="5a80c028-b25c-11e4-9d14-dc40c838bd18" OperationLastUpdatedAt="2015-02-12T02:10:46.057Z" OperationName="DELETE /files/{fileId}/comments/{commentId}/replies/{replyId}" PolicyAvailable="true" ServiceKey="uddi:5a0e7613-b25c-11e4-9d14-dc40c838bd18" WsdlOperationName="DELETE__files__fileId__comments__commentId__replies__replyId_"/><ns3:Operation InterfaceName="{https://www.googleapis.com/drive/v2}Google_Drive_API.raml_PortType" ManagementState="Enabled" NumOfVirtualizedOperations="0" OperationKey="5a712f97-b25c-11e4-9d14-dc40c838bd18" OperationLastUpdatedAt="2015-02-12T02:10:46.057Z" OperationName="DELETE /files/{fileId}/parents/{parentId}" PolicyAvailable="true" ServiceKey="uddi:5a0e7613-b25c-11e4-9d14-dc40c838bd18" WsdlOperationName="DELETE__files__fileId__parents__parentId_"/><ns3:Operation InterfaceName="{https://www.googleapis.com/drive/v2}Google_Drive_API.raml_PortType" ManagementState="Enabled" NumOfVirtualizedOperations="0" OperationKey="5a77713a-b25c-11e4-9d14-dc40c838bd18" OperationLastUpdatedAt="2015-02-12T02:10:46.057Z" OperationName="DELETE /files/{fileId}/permissions/{permissionId}" PolicyAvailable="true" ServiceKey="uddi:5a0e7613-b25c-11e4-9d14-dc40c838bd18" WsdlOperationName="DELETE__files__fileId__permissions__permissionId_"/><ns3:Operation InterfaceName="{https://www.googleapis.com/drive/v2}Google_Drive_API.raml_PortType" ManagementState="Enabled" NumOfVirtualizedOperations="0" OperationKey="5a73c7af-b25c-11e4-9d14-dc40c838bd18" OperationLastUpdatedAt="2015-02-12T02:10:46.057Z" OperationName="DELETE /files/{fileId}/properties/{propertyKey}" PolicyAvailable="true" ServiceKey="uddi:5a0e7613-b25c-11e4-9d14-dc40c838bd18" WsdlOperationName="DELETE__files__fileId__properties__propertyKey_"/><ns3:Operation InterfaceName="{https://www.googleapis.com/drive/v2}Google_Drive_API.raml_PortType" ManagementState="Enabled" NumOfVirtualizedOperations="0" OperationKey="5a84b7d5-b25c-11e4-9d14-dc40c838bd18" OperationLastUpdatedAt="2015-02-12T02:10:46.057Z" OperationName="DELETE /files/{fileId}/revisions/{revisionId}" PolicyAvailable="true" ServiceKey="uddi:5a0e7613-b25c-11e4-9d14-dc40c838bd18" WsdlOperationName="DELETE__files__fileId__revisions__revisionId_"/><ns3:Operation InterfaceName="{https://www.googleapis.com/drive/v2}Google_Drive_API.raml_PortType" ManagementState="Enabled" NumOfVirtualizedOperations="0" OperationKey="5a7af3b5-b25c-11e4-9d14-dc40c838bd18" OperationLastUpdatedAt="2015-02-12T02:10:46.057Z" OperationName="DELETE /files/{fileId}/trash" PolicyAvailable="true" ServiceKey="uddi:5a0e7613-b25c-11e4-9d14-dc40c838bd18" WsdlOperationName="DELETE__files__fileId__trash"/><ns3:Operation InterfaceName="{https://www.googleapis.com/drive/v2}Google_Drive_API.raml_PortType" ManagementState="Enabled" NumOfVirtualizedOperations="0" OperationKey="5a87ec30-b25c-11e4-9d14-dc40c838bd18" OperationLastUpdatedAt="2015-02-12T02:10:46.057Z" OperationName="DELETE /files/{folderId}/children/{childId}" PolicyAvailable="true" ServiceKey="uddi:5a0e7613-b25c-11e4-9d14-dc40c838bd18" WsdlOperationName="DELETE__files__folderId__children__childId_"/><ns3:Operation InterfaceName="{https://www.googleapis.com/drive/v2}Google_Drive_API.raml_PortType" ManagementState="Enabled" NumOfVirtualizedOperations="0" OperationKey="5a88fda3-b25c-11e4-9d14-dc40c838bd18" OperationLastUpdatedAt="2015-02-12T02:10:46.057Z" OperationName="GET /about" PolicyAvailable="true" ServiceKey="uddi:5a0e7613-b25c-11e4-9d14-dc40c838bd18" WsdlOperationName="GET__about"/><ns3:Operation InterfaceName="{https://www.googleapis.com/drive/v2}Google_Drive_API.raml_PortType" ManagementState="Enabled" NumOfVirtualizedOperations="0" OperationKey="5a8eca0f-b25c-11e4-9d14-dc40c838bd18" OperationLastUpdatedAt="2015-02-12T02:10:46.057Z" OperationName="GET /apps" PolicyAvailable="true" ServiceKey="uddi:5a0e7613-b25c-11e4-9d14-dc40c838bd18" WsdlOperationName="GET__apps"/><ns3:Operation InterfaceName="{https://www.googleapis.com/drive/v2}Google_Drive_API.raml_PortType" ManagementState="Enabled" NumOfVirtualizedOperations="0" OperationKey="5a8f6651-b25c-11e4-9d14-dc40c838bd18" OperationLastUpdatedAt="2015-02-12T02:10:46.057Z" OperationName="GET /apps/{appId}" PolicyAvailable="true" ServiceKey="uddi:5a0e7613-b25c-11e4-9d14-dc40c838bd18" WsdlOperationName="GET__apps__appId_"/><ns3:Operation InterfaceName="{https://www.googleapis.com/drive/v2}Google_Drive_API.raml_PortType" ManagementState="Enabled" NumOfVirtualizedOperations="0" OperationKey="5a89c0f5-b25c-11e4-9d14-dc40c838bd18" OperationLastUpdatedAt="2015-02-12T02:10:46.057Z" OperationName="GET /changes" PolicyAvailable="true" ServiceKey="uddi:5a0e7613-b25c-11e4-9d14-dc40c838bd18" WsdlOperationName="GET__changes"/><ns3:Operation InterfaceName="{https://www.googleapis.com/drive/v2}Google_Drive_API.raml_PortType" ManagementState="Enabled" NumOfVirtualizedOperations="0" OperationKey="5a8d918b-b25c-11e4-9d14-dc40c838bd18" OperationLastUpdatedAt="2015-02-12T02:10:46.057Z" OperationName="GET /changes/{changeId}" PolicyAvailable="true" ServiceKey="uddi:5a0e7613-b25c-11e4-9d14-dc40c838bd18" WsdlOperationName="GET__changes__changeId_"/><ns3:Operation InterfaceName="{https://www.googleapis.com/drive/v2}Google_Drive_API.raml_PortType" ManagementState="Enabled" NumOfVirtualizedOperations="1" OperationKey="5a698e67-b25c-11e4-9d14-dc40c838bd18" OperationLastUpdatedAt="2015-02-12T02:10:46.057Z" OperationName="GET /files" PolicyAvailable="true" ServiceKey="uddi:5a0e7613-b25c-11e4-9d14-dc40c838bd18" WsdlOperationName="GET__files"/><ns3:Operation InterfaceName="{https://www.googleapis.com/drive/v2}Google_Drive_API.raml_PortType" ManagementState="Enabled" NumOfVirtualizedOperations="0" OperationKey="5a6d860c-b25c-11e4-9d14-dc40c838bd18" OperationLastUpdatedAt="2015-02-12T02:10:46.057Z" OperationName="GET /files/{fileId}" PolicyAvailable="true" ServiceKey="uddi:5a0e7613-b25c-11e4-9d14-dc40c838bd18" WsdlOperationName="GET__files__fileId_"/><ns3:Operation InterfaceName="{https://www.googleapis.com/drive/v2}Google_Drive_API.raml_PortType" ManagementState="Enabled" NumOfVirtualizedOperations="0" OperationKey="5a7c0528-b25c-11e4-9d14-dc40c838bd18" OperationLastUpdatedAt="2015-02-12T02:10:46.057Z" OperationName="GET /files/{fileId}/comments" PolicyAvailable="true" ServiceKey="uddi:5a0e7613-b25c-11e4-9d14-dc40c838bd18" WsdlOperationName="GET__files__fileId__comments"/><ns3:Operation InterfaceName="{https://www.googleapis.com/drive/v2}Google_Drive_API.raml_PortType" ManagementState="Enabled" NumOfVirtualizedOperations="0" OperationKey="5a7dd9ee-b25c-11e4-9d14-dc40c838bd18" OperationLastUpdatedAt="2015-02-12T02:10:46.057Z" OperationName="GET /files/{fileId}/comments/{commentId}" PolicyAvailable="true" ServiceKey="uddi:5a0e7613-b25c-11e4-9d14-dc40c838bd18" WsdlOperationName="GET__files__fileId__comments__commentId_"/><ns3:Operation InterfaceName="{https://www.googleapis.com/drive/v2}Google_Drive_API.raml_PortType" ManagementState="Enabled" NumOfVirtualizedOperations="0" OperationKey="5a7f3983-b25c-11e4-9d14-dc40c838bd18" OperationLastUpdatedAt="2015-02-12T02:10:46.057Z" OperationName="GET /files/{fileId}/comments/{commentId}/replies" PolicyAvailable="true" ServiceKey="uddi:5a0e7613-b25c-11e4-9d14-dc40c838bd18" WsdlOperationName="GET__files__fileId__comments__commentId__replies"/><ns3:Operation InterfaceName="{https://www.googleapis.com/drive/v2}Google_Drive_API.raml_PortType" ManagementState="Enabled" NumOfVirtualizedOperations="0" OperationKey="5a818379-b25c-11e4-9d14-dc40c838bd18" OperationLastUpdatedAt="2015-02-12T02:10:46.057Z" OperationName="GET /files/{fileId}/comments/{commentId}/replies/{replyId}" PolicyAvailable="true" ServiceKey="uddi:5a0e7613-b25c-11e4-9d14-dc40c838bd18" WsdlOperationName="GET__files__fileId__comments__commentId__replies__replyId_"/><ns3:Operation InterfaceName="{https://www.googleapis.com/drive/v2}Google_Drive_API.raml_PortType" ManagementState="Enabled" NumOfVirtualizedOperations="0" OperationKey="5a6f5ad2-b25c-11e4-9d14-dc40c838bd18" OperationLastUpdatedAt="2015-02-12T02:10:46.057Z" OperationName="GET /files/{fileId}/parents" PolicyAvailable="true" ServiceKey="uddi:5a0e7613-b25c-11e4-9d14-dc40c838bd18" WsdlOperationName="GET__files__fileId__parents"/><ns3:Operation InterfaceName="{https://www.googleapis.com/drive/v2}Google_Drive_API.raml_PortType" ManagementState="Enabled" NumOfVirtualizedOperations="0" OperationKey="5a71cbd8-b25c-11e4-9d14-dc40c838bd18" OperationLastUpdatedAt="2015-02-12T02:10:46.057Z" OperationName="GET /files/{fileId}/parents/{parentId}" PolicyAvailable="true" ServiceKey="uddi:5a0e7613-b25c-11e4-9d14-dc40c838bd18" WsdlOperationName="GET__files__fileId__parents__parentId_"/><ns3:Operation InterfaceName="{https://www.googleapis.com/drive/v2}Google_Drive_API.raml_PortType" ManagementState="Enabled" NumOfVirtualizedOperations="0" OperationKey="5a7611a5-b25c-11e4-9d14-dc40c838bd18" OperationLastUpdatedAt="2015-02-12T02:10:46.057Z" OperationName="GET /files/{fileId}/permissions" PolicyAvailable="true" ServiceKey="uddi:5a0e7613-b25c-11e4-9d14-dc40c838bd18" WsdlOperationName="GET__files__fileId__permissions"/><ns3:Operation InterfaceName="{https://www.googleapis.com/drive/v2}Google_Drive_API.raml_PortType" ManagementState="Enabled" NumOfVirtualizedOperations="0" OperationKey="5a78348b-b25c-11e4-9d14-dc40c838bd18" OperationLastUpdatedAt="2015-02-12T02:10:46.057Z" OperationName="GET /files/{fileId}/permissions/{permissionId}" PolicyAvailable="true" ServiceKey="uddi:5a0e7613-b25c-11e4-9d14-dc40c838bd18" WsdlOperationName="GET__files__fileId__permissions__permissionId_"/><ns3:Operation InterfaceName="{https://www.googleapis.com/drive/v2}Google_Drive_API.raml_PortType" ManagementState="Enabled" NumOfVirtualizedOperations="0" OperationKey="5a72681a-b25c-11e4-9d14-dc40c838bd18" OperationLastUpdatedAt="2015-02-12T02:10:46.057Z" OperationName="GET /files/{fileId}/properties" PolicyAvailable="true" ServiceKey="uddi:5a0e7613-b25c-11e4-9d14-dc40c838bd18" WsdlOperationName="GET__files__fileId__properties"/><ns3:Operation InterfaceName="{https://www.googleapis.com/drive/v2}Google_Drive_API.raml_PortType" ManagementState="Enabled" NumOfVirtualizedOperations="0" OperationKey="5a7463f0-b25c-11e4-9d14-dc40c838bd18" OperationLastUpdatedAt="2015-02-12T02:10:46.057Z" OperationName="GET /files/{fileId}/properties/{propertyKey}" PolicyAvailable="true" ServiceKey="uddi:5a0e7613-b25c-11e4-9d14-dc40c838bd18" WsdlOperationName="GET__files__fileId__properties__propertyKey_"/><ns3:Operation InterfaceName="{https://www.googleapis.com/drive/v2}Google_Drive_API.raml_PortType" ManagementState="Enabled" NumOfVirtualizedOperations="0" OperationKey="5a841b93-b25c-11e4-9d14-dc40c838bd18" OperationLastUpdatedAt="2015-02-12T02:10:46.057Z" OperationName="GET /files/{fileId}/revisions" PolicyAvailable="true" ServiceKey="uddi:5a0e7613-b25c-11e4-9d14-dc40c838bd18" WsdlOperationName="GET__files__fileId__revisions"/><ns3:Operation InterfaceName="{https://www.googleapis.com/drive/v2}Google_Drive_API.raml_PortType" ManagementState="Enabled" NumOfVirtualizedOperations="0" OperationKey="5a855416-b25c-11e4-9d14-dc40c838bd18" OperationLastUpdatedAt="2015-02-12T02:10:46.057Z" OperationName="GET /files/{fileId}/revisions/{revisionId}" PolicyAvailable="true" ServiceKey="uddi:5a0e7613-b25c-11e4-9d14-dc40c838bd18" WsdlOperationName="GET__files__fileId__revisions__revisionId_"/><ns3:Operation InterfaceName="{https://www.googleapis.com/drive/v2}Google_Drive_API.raml_PortType" ManagementState="Enabled" NumOfVirtualizedOperations="0" OperationKey="5a868c9b-b25c-11e4-9d14-dc40c838bd18" OperationLastUpdatedAt="2015-02-12T02:10:46.057Z" OperationName="GET /files/{folderId}/children" PolicyAvailable="true" ServiceKey="uddi:5a0e7613-b25c-11e4-9d14-dc40c838bd18" WsdlOperationName="GET__files__folderId__children"/><ns3:Operation InterfaceName="{https://www.googleapis.com/drive/v2}Google_Drive_API.raml_PortType" ManagementState="Enabled" NumOfVirtualizedOperations="0" OperationKey="5a886161-b25c-11e4-9d14-dc40c838bd18" OperationLastUpdatedAt="2015-02-12T02:10:46.057Z" OperationName="GET /files/{folderId}/children/{childId}" PolicyAvailable="true" ServiceKey="uddi:5a0e7613-b25c-11e4-9d14-dc40c838bd18" WsdlOperationName="GET__files__folderId__children__childId_"/><ns3:Operation InterfaceName="{https://www.googleapis.com/drive/v2}Google_Drive_API.raml_PortType" ManagementState="Enabled" NumOfVirtualizedOperations="0" OperationKey="5a8e2dcd-b25c-11e4-9d14-dc40c838bd18" OperationLastUpdatedAt="2015-02-12T02:10:46.057Z" OperationName="GET /permissionIds/{email}" PolicyAvailable="true" ServiceKey="uddi:5a0e7613-b25c-11e4-9d14-dc40c838bd18" WsdlOperationName="GET__permissionIds__email_"/><ns3:Operation InterfaceName="{https://www.googleapis.com/drive/v2}Google_Drive_API.raml_PortType" ManagementState="Enabled" NumOfVirtualizedOperations="0" OperationKey="5a8cce38-b25c-11e4-9d14-dc40c838bd18" OperationLastUpdatedAt="2015-02-12T02:10:46.057Z" OperationName="POST /changes" PolicyAvailable="true" ServiceKey="uddi:5a0e7613-b25c-11e4-9d14-dc40c838bd18" WsdlOperationName="POST__changes"/><ns3:Operation InterfaceName="{https://www.googleapis.com/drive/v2}Google_Drive_API.raml_PortType" ManagementState="Enabled" NumOfVirtualizedOperations="0" OperationKey="5a900293-b25c-11e4-9d14-dc40c838bd18" OperationLastUpdatedAt="2015-02-12T02:10:46.057Z" OperationName="POST /channels/stop" PolicyAvailable="true" ServiceKey="uddi:5a0e7613-b25c-11e4-9d14-dc40c838bd18" WsdlOperationName="POST__channels_stop"/><ns3:Operation InterfaceName="{https://www.googleapis.com/drive/v2}Google_Drive_API.raml_PortType" ManagementState="Enabled" NumOfVirtualizedOperations="1" OperationKey="5a6c9ba9-b25c-11e4-9d14-dc40c838bd18" OperationLastUpdatedAt="2015-02-12T02:10:46.057Z" OperationName="POST /files" PolicyAvailable="true" ServiceKey="uddi:5a0e7613-b25c-11e4-9d14-dc40c838bd18" WsdlOperationName="POST__files"/><ns3:Operation InterfaceName="{https://www.googleapis.com/drive/v2}Google_Drive_API.raml_PortType" ManagementState="Enabled" NumOfVirtualizedOperations="0" OperationKey="5a7ca16a-b25c-11e4-9d14-dc40c838bd18" OperationLastUpdatedAt="2015-02-12T02:10:46.057Z" OperationName="POST /files/{fileId}/comments" PolicyAvailable="true" ServiceKey="uddi:5a0e7613-b25c-11e4-9d14-dc40c838bd18" WsdlOperationName="POST__files__fileId__comments"/><ns3:Operation InterfaceName="{https://www.googleapis.com/drive/v2}Google_Drive_API.raml_PortType" ManagementState="Enabled" NumOfVirtualizedOperations="0" OperationKey="5a8023e5-b25c-11e4-9d14-dc40c838bd18" OperationLastUpdatedAt="2015-02-12T02:10:46.057Z" OperationName="POST /files/{fileId}/comments/{commentId}/replies" PolicyAvailable="true" ServiceKey="uddi:5a0e7613-b25c-11e4-9d14-dc40c838bd18" WsdlOperationName="POST__files__fileId__comments__commentId__replies"/><ns3:Operation InterfaceName="{https://www.googleapis.com/drive/v2}Google_Drive_API.raml_PortType" ManagementState="Enabled" NumOfVirtualizedOperations="0" OperationKey="5a796d10-b25c-11e4-9d14-dc40c838bd18" OperationLastUpdatedAt="2015-02-12T02:10:46.057Z" OperationName="POST /files/{fileId}/copy" PolicyAvailable="true" ServiceKey="uddi:5a0e7613-b25c-11e4-9d14-dc40c838bd18" WsdlOperationName="POST__files__fileId__copy"/><ns3:Operation InterfaceName="{https://www.googleapis.com/drive/v2}Google_Drive_API.raml_PortType" ManagementState="Enabled" NumOfVirtualizedOperations="0" OperationKey="5a701e24-b25c-11e4-9d14-dc40c838bd18" OperationLastUpdatedAt="2015-02-12T02:10:46.057Z" OperationName="POST /files/{fileId}/parents" PolicyAvailable="true" ServiceKey="uddi:5a0e7613-b25c-11e4-9d14-dc40c838bd18" WsdlOperationName="POST__files__fileId__parents"/><ns3:Operation InterfaceName="{https://www.googleapis.com/drive/v2}Google_Drive_API.raml_PortType" ManagementState="Enabled" NumOfVirtualizedOperations="0" OperationKey="5a76ade7-b25c-11e4-9d14-dc40c838bd18" OperationLastUpdatedAt="2015-02-12T02:10:46.057Z" OperationName="POST /files/{fileId}/permissions" PolicyAvailable="true" ServiceKey="uddi:5a0e7613-b25c-11e4-9d14-dc40c838bd18" WsdlOperationName="POST__files__fileId__permissions"/><ns3:Operation InterfaceName="{https://www.googleapis.com/drive/v2}Google_Drive_API.raml_PortType" ManagementState="Enabled" NumOfVirtualizedOperations="0" OperationKey="5a732b6c-b25c-11e4-9d14-dc40c838bd18" OperationLastUpdatedAt="2015-02-12T02:10:46.057Z" OperationName="POST /files/{fileId}/properties" PolicyAvailable="true" ServiceKey="uddi:5a0e7613-b25c-11e4-9d14-dc40c838bd18" WsdlOperationName="POST__files__fileId__properties"/><ns3:Operation InterfaceName="{https://www.googleapis.com/drive/v2}Google_Drive_API.raml_PortType" ManagementState="Enabled" NumOfVirtualizedOperations="0" OperationKey="5a7b68e6-b25c-11e4-9d14-dc40c838bd18" OperationLastUpdatedAt="2015-02-12T02:10:46.057Z" OperationName="POST /files/{fileId}/touch" PolicyAvailable="true" ServiceKey="uddi:5a0e7613-b25c-11e4-9d14-dc40c838bd18" WsdlOperationName="POST__files__fileId__touch"/><ns3:Operation InterfaceName="{https://www.googleapis.com/drive/v2}Google_Drive_API.raml_PortType" ManagementState="Enabled" NumOfVirtualizedOperations="0" OperationKey="5a7a3063-b25c-11e4-9d14-dc40c838bd18" OperationLastUpdatedAt="2015-02-12T02:10:46.057Z" OperationName="POST /files/{fileId}/trash" PolicyAvailable="true" ServiceKey="uddi:5a0e7613-b25c-11e4-9d14-dc40c838bd18" WsdlOperationName="POST__files__fileId__trash"/><ns3:Operation InterfaceName="{https://www.googleapis.com/drive/v2}Google_Drive_API.raml_PortType" ManagementState="Enabled" NumOfVirtualizedOperations="0" OperationKey="5a837f51-b25c-11e4-9d14-dc40c838bd18" OperationLastUpdatedAt="2015-02-12T02:10:46.057Z" OperationName="POST /files/{fileId}/untrash" PolicyAvailable="true" ServiceKey="uddi:5a0e7613-b25c-11e4-9d14-dc40c838bd18" WsdlOperationName="POST__files__fileId__untrash"/><ns3:Operation InterfaceName="{https://www.googleapis.com/drive/v2}Google_Drive_API.raml_PortType" ManagementState="Enabled" NumOfVirtualizedOperations="0" OperationKey="5a82bbfe-b25c-11e4-9d14-dc40c838bd18" OperationLastUpdatedAt="2015-02-12T02:10:46.057Z" OperationName="POST /files/{fileId}/watch" PolicyAvailable="true" ServiceKey="uddi:5a0e7613-b25c-11e4-9d14-dc40c838bd18" WsdlOperationName="POST__files__fileId__watch"/><ns3:Operation InterfaceName="{https://www.googleapis.com/drive/v2}Google_Drive_API.raml_PortType" ManagementState="Enabled" NumOfVirtualizedOperations="0" OperationKey="5a8728dd-b25c-11e4-9d14-dc40c838bd18" OperationLastUpdatedAt="2015-02-12T02:10:46.057Z" OperationName="POST /files/{folderId}/children" PolicyAvailable="true" ServiceKey="uddi:5a0e7613-b25c-11e4-9d14-dc40c838bd18" WsdlOperationName="POST__files__folderId__children"/><ns3:Operation InterfaceName="{https://www.googleapis.com/drive/v2}Google_Drive_API.raml_PortType" ManagementState="Enabled" NumOfVirtualizedOperations="0" OperationKey="5a6e224e-b25c-11e4-9d14-dc40c838bd18" OperationLastUpdatedAt="2015-02-12T02:10:46.057Z" OperationName="PUT /files/{fileId}" PolicyAvailable="true" ServiceKey="uddi:5a0e7613-b25c-11e4-9d14-dc40c838bd18" WsdlOperationName="PUT__files__fileId_"/><ns3:Operation InterfaceName="{https://www.googleapis.com/drive/v2}Google_Drive_API.raml_PortType" ManagementState="Enabled" NumOfVirtualizedOperations="0" OperationKey="5a7e7630-b25c-11e4-9d14-dc40c838bd18" OperationLastUpdatedAt="2015-02-12T02:10:46.057Z" OperationName="PUT /files/{fileId}/comments/{commentId}" PolicyAvailable="true" ServiceKey="uddi:5a0e7613-b25c-11e4-9d14-dc40c838bd18" WsdlOperationName="PUT__files__fileId__comments__commentId_"/><ns3:Operation InterfaceName="{https://www.googleapis.com/drive/v2}Google_Drive_API.raml_PortType" ManagementState="Enabled" NumOfVirtualizedOperations="0" OperationKey="5a821fbb-b25c-11e4-9d14-dc40c838bd18" OperationLastUpdatedAt="2015-02-12T02:10:46.057Z" OperationName="PUT /files/{fileId}/comments/{commentId}/replies/{replyId}" PolicyAvailable="true" ServiceKey="uddi:5a0e7613-b25c-11e4-9d14-dc40c838bd18" WsdlOperationName="PUT__files__fileId__comments__commentId__replies__replyId_"/><ns3:Operation InterfaceName="{https://www.googleapis.com/drive/v2}Google_Drive_API.raml_PortType" ManagementState="Enabled" NumOfVirtualizedOperations="0" OperationKey="5a78d0cd-b25c-11e4-9d14-dc40c838bd18" OperationLastUpdatedAt="2015-02-12T02:10:46.057Z" OperationName="PUT /files/{fileId}/permissions/{permissionId}" PolicyAvailable="true" ServiceKey="uddi:5a0e7613-b25c-11e4-9d14-dc40c838bd18" WsdlOperationName="PUT__files__fileId__permissions__permissionId_"/><ns3:Operation InterfaceName="{https://www.googleapis.com/drive/v2}Google_Drive_API.raml_PortType" ManagementState="Enabled" NumOfVirtualizedOperations="0" OperationKey="5a754e52-b25c-11e4-9d14-dc40c838bd18" OperationLastUpdatedAt="2015-02-12T02:10:46.057Z" OperationName="PUT /files/{fileId}/properties/{propertyKey}" PolicyAvailable="true" ServiceKey="uddi:5a0e7613-b25c-11e4-9d14-dc40c838bd18" WsdlOperationName="PUT__files__fileId__properties__propertyKey_"/><ns3:Operation InterfaceName="{https://www.googleapis.com/drive/v2}Google_Drive_API.raml_PortType" ManagementState="Enabled" NumOfVirtualizedOperations="0" OperationKey="5a85f058-b25c-11e4-9d14-dc40c838bd18" OperationLastUpdatedAt="2015-02-12T02:10:46.057Z" OperationName="PUT /files/{fileId}/revisions/{revisionId}" PolicyAvailable="true" ServiceKey="uddi:5a0e7613-b25c-11e4-9d14-dc40c838bd18" WsdlOperationName="PUT__files__fileId__revisions__revisionId_"/></ns3:Operations></ns3:PhysicalService><ns5:businessService businessKey="uddi:9adb52b6-b649-11e4-9c29-d6275be28ced" serviceKey="uddi:5a0e7613-b25c-11e4-9d14-dc40c838bd18"><ns5:name>Google_Drive_API</ns5:name><ns5:bindingTemplates><ns5:bindingTemplate bindingKey="uddi:5ae6fc68-b25c-11e4-9d14-dc40c838bd18" serviceKey="uddi:5a0e7613-b25c-11e4-9d14-dc40c838bd18"><ns5:accessPoint useType="endPoint">https://www.googleapis.com/drive/v2</ns5:accessPoint><ns5:tModelInstanceDetails><ns5:tModelInstanceInfo tModelKey="uddi:64606179-b7d9-a827-117b-a9f6d17bf5b6"><ns5:description>The wsdl:binding that this wsdl:port implements. The instanceParms specifies the port local name.</ns5:description><ns5:instanceDetails><ns5:instanceParms>Google_Drive_API.raml_port</ns5:instanceParms></ns5:instanceDetails></ns5:tModelInstanceInfo><ns5:tModelInstanceInfo tModelKey="uddi:f8740229-0ee7-4455-f110-e229ccd73f9b"><ns5:description>The wsdl:portType that this wsdl:port implements.</ns5:description></ns5:tModelInstanceInfo></ns5:tModelInstanceDetails><ns5:categoryBag><ns5:keyedReference keyName="WSDL type" keyValue="port" tModelKey="uddi:uddi.org:wsdl:types"/></ns5:categoryBag></ns5:bindingTemplate></ns5:bindingTemplates><ns5:categoryBag><ns5:keyedReference keyName="Design" keyValue="Design" tModelKey="uddi:soa.com:servicelifecyclestage"/><ns5:keyedReference keyName="1.0" keyValue="5b2234a1-26f0-47ed-af94-1db75810c6f2" tModelKey="uddi:soa.com:serviceversion"/><ns5:keyedReference keyName="WSDL type" keyValue="service" tModelKey="uddi:uddi.org:wsdl:types"/><ns5:keyedReference keyName="service namespace" keyValue="https://www.googleapis.com/drive/v2" tModelKey="uddi:uddi.org:xml:namespace"/><ns5:keyedReference keyName="service local name" keyValue="Google_Drive_API.raml" tModelKey="uddi:uddi.org:xml:localname"/><ns5:keyedReferenceGroup tModelKey="uddi:soa.com:service:group"/></ns5:categoryBag></ns5:businessService><ns2:ExportServiceEndpoint><ns8:ServiceEndpoint><ns8:ServiceKey>uddi:5a0e7613-b25c-11e4-9d14-dc40c838bd18</ns8:ServiceKey><ns8:Name>uddi:5ae6fc68-b25c-11e4-9d14-dc40c838bd18</ns8:Name><ns8:Url>https://www.googleapis.com/drive/v2</ns8:Url><ns8:BindingQName>{https://www.googleapis.com/drive/v2}Google_Drive_API.raml_Binding</ns8:BindingQName><ns8:PortName>Google_Drive_API.raml_port</ns8:PortName><ns8:Protocol>https</ns8:Protocol></ns8:ServiceEndpoint><ns2:EndpointWsdlUri>wsdls/uddi_5ae6fc68-b25c-11e4-9d14-dc40c838bd18.wsdl</ns2:EndpointWsdlUri></ns2:ExportServiceEndpoint></ns2:ExportService></ns2:ExportObjectConfiguration><ns2:ExportObjectConfiguration><ns1:ServiceKey><ns1:Key>uddi:2748c56d-b30b-11e4-a144-ca760559c5eb</ns1:Key><ns1:ServiceQName>{https://www.googleapis.com/upload/drive/v2}Google_Drive_Upload_API.raml</ns1:ServiceQName></ns1:ServiceKey><ns2:ExportService><ns3:PhysicalService BusinessKey="uddi:9adb52b6-b649-11e4-9c29-d6275be28ced" Discovered="false" ServiceKey="uddi:2748c56d-b30b-11e4-a144-ca760559c5eb" WsdlServiceLocalName="Google_Drive_Upload_API.raml" WsdlTargetNamespaceUrl="https://www.googleapis.com/upload/drive/v2"><ns3:Name>Google_Drive_Upload_API</ns3:Name><ns3:Description></ns3:Description><ns3:Operations><ns3:Operation InterfaceName="{https://www.googleapis.com/upload/drive/v2}Google_Drive_Upload_API.raml_PortType" ManagementState="Enabled" NumOfVirtualizedOperations="1" OperationKey="27a05b51-b30b-11e4-a144-ca760559c5eb" OperationLastUpdatedAt="2015-02-12T23:02:02.067Z" OperationName="POST /files" PolicyAvailable="true" ServiceKey="uddi:2748c56d-b30b-11e4-a144-ca760559c5eb" WsdlOperationName="POST__files"/></ns3:Operations></ns3:PhysicalService><ns5:businessService businessKey="uddi:9adb52b6-b649-11e4-9c29-d6275be28ced" serviceKey="uddi:2748c56d-b30b-11e4-a144-ca760559c5eb"><ns5:name>Google_Drive_Upload_API</ns5:name><ns5:bindingTemplates><ns5:bindingTemplate bindingKey="uddi:27b34714-b30b-11e4-a144-ca760559c5eb" serviceKey="uddi:2748c56d-b30b-11e4-a144-ca760559c5eb"><ns5:accessPoint useType="endPoint">https://www.googleapis.com/upload/drive/v2</ns5:accessPoint><ns5:tModelInstanceDetails><ns5:tModelInstanceInfo tModelKey="uddi:f6401129-03f3-096e-b9ab-ccff1f90ad34"><ns5:description>The wsdl:binding that this wsdl:port implements. The instanceParms specifies the port local name.</ns5:description><ns5:instanceDetails><ns5:instanceParms>Google_Drive_Upload_API.raml_port</ns5:instanceParms></ns5:instanceDetails></ns5:tModelInstanceInfo><ns5:tModelInstanceInfo tModelKey="uddi:b4b1ca78-0a1d-62b2-9738-8b5fb3430f79"><ns5:description>The wsdl:portType that this wsdl:port implements.</ns5:description></ns5:tModelInstanceInfo></ns5:tModelInstanceDetails><ns5:categoryBag><ns5:keyedReference keyName="WSDL type" keyValue="port" tModelKey="uddi:uddi.org:wsdl:types"/></ns5:categoryBag></ns5:bindingTemplate></ns5:bindingTemplates><ns5:categoryBag><ns5:keyedReference keyName="Design" keyValue="Design" tModelKey="uddi:soa.com:servicelifecyclestage"/><ns5:keyedReference keyName="1.0" keyValue="d0bc0d47-61bd-4b1c-bf0b-eeb7082c0ecc" tModelKey="uddi:soa.com:serviceversion"/><ns5:keyedReference keyName="WSDL type" keyValue="service" tModelKey="uddi:uddi.org:wsdl:types"/><ns5:keyedReference keyName="service namespace" keyValue="https://www.googleapis.com/upload/drive/v2" tModelKey="uddi:uddi.org:xml:namespace"/><ns5:keyedReference keyName="service local name" keyValue="Google_Drive_Upload_API.raml" tModelKey="uddi:uddi.org:xml:localname"/><ns5:keyedReferenceGroup tModelKey="uddi:soa.com:service:group"/></ns5:categoryBag></ns5:businessService><ns2:ExportServiceEndpoint><ns8:ServiceEndpoint><ns8:ServiceKey>uddi:2748c56d-b30b-11e4-a144-ca760559c5eb</ns8:ServiceKey><ns8:Name>uddi:27b34714-b30b-11e4-a144-ca760559c5eb</ns8:Name><ns8:Url>https://www.googleapis.com/upload/drive/v2</ns8:Url><ns8:BindingQName>{https://www.googleapis.com/upload/drive/v2}Google_Drive_Upload_API.raml_Binding</ns8:BindingQName><ns8:PortName>Google_Drive_Upload_API.raml_port</ns8:PortName><ns8:Protocol>https</ns8:Protocol></ns8:ServiceEndpoint><ns2:EndpointWsdlUri>wsdls/uddi_27b34714-b30b-11e4-a144-ca760559c5eb.wsdl</ns2:EndpointWsdlUri></ns2:ExportServiceEndpoint></ns2:ExportService></ns2:ExportObjectConfiguration><ns2:ExportObjectConfiguration><ns1:ServiceKey><ns1:Key>uddi:055b7b84-9fa1-11e4-bd8a-eaa1e8f31cf2</ns1:Key><ns1:ServiceQName>{https://www.googleapis.com/oauth2/v3}Google_Auth_API</ns1:ServiceQName></ns1:ServiceKey><ns2:ExportService><ns3:PhysicalService BusinessKey="uddi:9adb52b6-b649-11e4-9c29-d6275be28ced" Discovered="false" ServiceKey="uddi:055b7b84-9fa1-11e4-bd8a-eaa1e8f31cf2" WsdlServiceLocalName="Google_Auth_API" WsdlTargetNamespaceUrl="https://www.googleapis.com/oauth2/v3"><ns3:Name>Google_Auth_API</ns3:Name><ns3:Operations><ns3:Operation InterfaceName="{https://www.googleapis.com/oauth2/v3}Google_Auth_API_PortType" ManagementState="Enabled" NumOfVirtualizedOperations="1" OperationKey="5d597887-a3b5-11e4-8a06-a81d8436ea01" OperationLastUpdatedAt="2015-02-17T02:39:42.373Z" OperationName="POST /token" PolicyAvailable="true" ServiceKey="uddi:055b7b84-9fa1-11e4-bd8a-eaa1e8f31cf2" WsdlOperationName="POST__token"/></ns3:Operations></ns3:PhysicalService><ns5:businessService businessKey="uddi:9adb52b6-b649-11e4-9c29-d6275be28ced" serviceKey="uddi:055b7b84-9fa1-11e4-bd8a-eaa1e8f31cf2"><ns5:name>Google_Auth_API</ns5:name><ns5:bindingTemplates><ns5:bindingTemplate bindingKey="uddi:057f302b-9fa1-11e4-bd8a-eaa1e8f31cf2" serviceKey="uddi:055b7b84-9fa1-11e4-bd8a-eaa1e8f31cf2"><ns5:accessPoint useType="endPoint">https://www.googleapis.com/oauth2/v3/</ns5:accessPoint><ns5:tModelInstanceDetails><ns5:tModelInstanceInfo tModelKey="uddi:ec24fd7d-e934-befa-c152-7cbd2229812d"><ns5:description>The wsdl:binding that this wsdl:port implements. The instanceParms specifies the port local name.</ns5:description><ns5:instanceDetails><ns5:instanceParms>Google_Auth_API_port</ns5:instanceParms></ns5:instanceDetails></ns5:tModelInstanceInfo><ns5:tModelInstanceInfo tModelKey="uddi:1d873bff-958d-a5f4-59f7-4aacb94c8fbd"><ns5:description>The wsdl:portType that this wsdl:port implements.</ns5:description></ns5:tModelInstanceInfo></ns5:tModelInstanceDetails><ns5:categoryBag><ns5:keyedReference keyName="WSDL type" keyValue="port" tModelKey="uddi:uddi.org:wsdl:types"/><ns5:keyedReferenceGroup tModelKey="uddi:soa.com:serviceendpoint:connprops:group"><ns5:keyedReference keyName="http.version" keyValue="Unspecified" tModelKey="uddi:soa.com:serviceendpoint:connprop:string"/></ns5:keyedReferenceGroup></ns5:categoryBag></ns5:bindingTemplate></ns5:bindingTemplates><ns5:categoryBag><ns5:keyedReference keyName="Staging" keyValue="Staging" tModelKey="uddi:soa.com:servicelifecyclestage"/><ns5:keyedReference keyName="WSDL type" keyValue="service" tModelKey="uddi:uddi.org:wsdl:types"/><ns5:keyedReference keyName="service namespace" keyValue="https://www.googleapis.com/oauth2/v3" tModelKey="uddi:uddi.org:xml:namespace"/><ns5:keyedReference keyName="service local name" keyValue="Google_Auth_API" tModelKey="uddi:uddi.org:xml:localname"/><ns5:keyedReference keyName="1.0" keyValue="d6b4ca17-ace7-4770-9629-eb9c96e81b33" tModelKey="uddi:soa.com:serviceversion"/><ns5:keyedReferenceGroup tModelKey="uddi:soa.com:service:group"/></ns5:categoryBag></ns5:businessService><ns2:ExportServiceEndpoint><ns8:ServiceEndpoint><ns8:ServiceKey>uddi:055b7b84-9fa1-11e4-bd8a-eaa1e8f31cf2</ns8:ServiceKey><ns8:Name>uddi:057f302b-9fa1-11e4-bd8a-eaa1e8f31cf2</ns8:Name><ns8:Description></ns8:Description><ns8:Url>https://www.googleapis.com/oauth2/v3/</ns8:Url><ns8:BindingQName>{https://www.googleapis.com/oauth2/v3}Google_Auth_API_Binding</ns8:BindingQName><ns8:PortName>Google_Auth_API_port</ns8:PortName><ns8:ConnectionProperties><ns8:NameValue><ns8:Name>http.version</ns8:Name><ns8:Value>Unspecified</ns8:Value></ns8:NameValue></ns8:ConnectionProperties><ns8:Protocol>https</ns8:Protocol></ns8:ServiceEndpoint><ns2:EndpointWsdlUri>wsdls/uddi_057f302b-9fa1-11e4-bd8a-eaa1e8f31cf2.wsdl</ns2:EndpointWsdlUri></ns2:ExportServiceEndpoint></ns2:ExportService></ns2:ExportObjectConfiguration><ns2:ExportObjectConfiguration><ns1:ContractKey><ns1:Key>01a125cc-b64e-11e4-9c29-d6275be28ced</ns1:Key></ns1:ContractKey><ns2:ExportContract><ns13:Contract><ns13:ContractInfo Anonymous="true" Key="01a125cc-b64e-11e4-9c29-d6275be28ced:1101" Name="Anonymous" State="Activated"><ns13:Description></ns13:Description><ns13:ProviderOrganizationKey>uddi:9adb52b6-b649-11e4-9c29-d6275be28ced</ns13:ProviderOrganizationKey><ns1:EffectiveDateTimes><ns1:StartDateTime><ns1:DateTime>2015-02-17T13:37:00+11:00</ns1:DateTime><ns1:TimezoneName>Australia/Sydney</ns1:TimezoneName></ns1:StartDateTime><ns1:EndDateTime><ns1:DateTime>2016-02-17T13:37:00+11:00</ns1:DateTime><ns1:TimezoneName>Australia/Sydney</ns1:TimezoneName></ns1:EndDateTime><ns1:Expire>false</ns1:Expire></ns1:EffectiveDateTimes><ns13:ContractVersionInfo><ns13:LastModifiedTimestamp>2015-02-17+11:00</ns13:LastModifiedTimestamp><ns13:User>Local Domain\administrator</ns13:User><ns13:MetadataVersion>1</ns13:MetadataVersion><ns13:ActiveMetadataVersion>1</ns13:ActiveMetadataVersion></ns13:ContractVersionInfo><ns13:ContractType>service.contract</ns13:ContractType></ns13:ContractInfo><ns13:ContractScope><ns1:OrganizationKey>uddi:9adb52b6-b649-11e4-9c29-d6275be28ced</ns1:OrganizationKey></ns13:ContractScope></ns13:Contract></ns2:ExportContract></ns2:ExportObjectConfiguration><ns2:ExportObjectConfiguration><ns1:PolicyKey><ns1:Key>urn:uuid:25a06381-b64e-11e4-9c29-d6275be28ced</ns1:Key></ns1:PolicyKey><ns2:ExportPolicy><ns11:Policy PolicyName="Insert JWT into Downstream request"><ns11:PolicyKey>urn:uuid:25a06381-b64e-11e4-9c29-d6275be28ced</ns11:PolicyKey><ns11:OrganizationKey>uddi:9adb52b6-b649-11e4-9c29-d6275be28ced</ns11:OrganizationKey><ns11:PolicyType>Operational Policy</ns11:PolicyType><ns11:PolicySubType>policy.xml</ns11:PolicySubType><ns11:Description></ns11:Description><ns11:ReadOnly>false</ns11:ReadOnly><ns11:LocalPolicy>false</ns11:LocalPolicy><ns11:LastUpdatedTime>2015-02-17T02:39:08.293Z</ns11:LastUpdatedTime><ns11:PolicyConfigurationAsString><ns11:Contents>&lt;![CDATA[&lt;?xml version="1.0" encoding="UTF-8"?&gt;
&lt;wsp:Policy visibility="public" xmlns:tns="http://com.soa.pso/policy/" xmlns:wsp="http://schemas.xmlsoap.org/ws/2004/09/policy"&gt;
    &lt;tns:JWTToken&gt;
    	&lt;tns:fileLocation&gt;c://API Project-d6e02d5ef2f2.p12&lt;/tns:fileLocation&gt;
    	&lt;tns:serviceAccountEmail&gt;464838240704-gjrgniev78n29hg24l5fjol42o8uspqv@developer.gserviceaccount.com&lt;/tns:serviceAccountEmail&gt;
     &lt;tns:userAccountEmail&gt;paulpog@japarasolutions.com&lt;/tns:userAccountEmail&gt;
    &lt;/tns:JWTToken&gt;
&lt;/wsp:Policy&gt;]]&gt;</ns11:Contents></ns11:PolicyConfigurationAsString></ns11:Policy></ns2:ExportPolicy></ns2:ExportObjectConfiguration><ns2:ExportObjectConfiguration><ns1:IdentityKey><ns1:Key>Local Domain\cNseMl4KxGm6C5ReKgy4aA==</ns1:Key><ns1:DomainName>Local Domain</ns1:DomainName><ns1:UserName>cNseMl4KxGm6C5ReKgy4aA==</ns1:UserName></ns1:IdentityKey><ns2:ExportUserIdentity><ns14:User DomainName="Local Domain" UserName="cNseMl4KxGm6C5ReKgy4aA=="><ns14:FullName>Service: uddi:9c640d9a-b64c-11e4-9c29-d6275be28ced</ns14:FullName><ns14:IdentityKey>urn:uuid:9c66ccbb-b64c-11e4-9c29-d6275be28ced</ns14:IdentityKey><ns14:Password>wJU3qYMeQrE6huVd6qIIh3U94EkVUCl9G8i+AmiWG9vtqCIZyx9j79vDDBt42i3LzVgF03LJ6VkuHg6RfEh8+g==</ns14:Password><ns14:Disabled>false</ns14:Disabled><ns14:ForcePwdResetOnNextLogin>false</ns14:ForcePwdResetOnNextLogin><ns14:Expired>false</ns14:Expired><ns14:ReadOnly>true</ns14:ReadOnly><ns14:PasswordFrmSeed>0</ns14:PasswordFrmSeed><ns14:OrganizationKey>uddi:soa.com:registryorganization</ns14:OrganizationKey><ns14:PasswordSalt>XEes1QS++sW1qbeb3Q+VsYFJyYMyCucN3J+frhRL/XJV0tebXpwtN2sDKL7GQQzz/sDirvVlKBW+CgIfvx65IA==</ns14:PasswordSalt></ns14:User><ns2:PKIGenerated>true</ns2:PKIGenerated></ns2:ExportUserIdentity></ns2:ExportObjectConfiguration><ns2:ExportObjectConfiguration><ns1:IdentityKey><ns1:Key>Local Domain\BYgtJiPuPur1HLf5jHjkZQ==</ns1:Key><ns1:DomainName>Local Domain</ns1:DomainName><ns1:UserName>BYgtJiPuPur1HLf5jHjkZQ==</ns1:UserName></ns1:IdentityKey><ns2:ExportUserIdentity><ns14:User DomainName="Local Domain" UserName="BYgtJiPuPur1HLf5jHjkZQ=="><ns14:FullName>Service: uddi:055b7b84-9fa1-11e4-bd8a-eaa1e8f31cf2</ns14:FullName><ns14:IdentityKey>urn:uuid:5d366024-a3b5-11e4-8a06-a81d8436ea01</ns14:IdentityKey><ns14:Password>UXSa+rtNGjjJ8VFk3i/n+owZXfyX1c2dqapCBUu4PtXS+Ry0T/sAU7BIqI7sruOMjkzfZ2zq/FMNEo24xI1Qug==</ns14:Password><ns14:Disabled>false</ns14:Disabled><ns14:ForcePwdResetOnNextLogin>false</ns14:ForcePwdResetOnNextLogin><ns14:Expired>false</ns14:Expired><ns14:ReadOnly>true</ns14:ReadOnly><ns14:PasswordFrmSeed>0</ns14:PasswordFrmSeed><ns14:OrganizationKey>uddi:soa.com:registryorganization</ns14:OrganizationKey><ns14:PasswordSalt>ZDCCGw8oTML/lzkXTf9ojNIg5OT+/tZgmdT+1yO4QpxT3PMU8ZhGNH860U/nmmk6FfVUoE5sMfymOeVFt5mB1g==</ns14:PasswordSalt></ns14:User><ns2:PKIGenerated>true</ns2:PKIGenerated></ns2:ExportUserIdentity></ns2:ExportObjectConfiguration><ns2:ExportObjectConfiguration><ns1:IdentityKey><ns1:Key>Local Domain\YIBwUb2MviKgeeD11B8Gtw==</ns1:Key><ns1:DomainName>Local Domain</ns1:DomainName><ns1:UserName>YIBwUb2MviKgeeD11B8Gtw==</ns1:UserName></ns1:IdentityKey><ns2:ExportUserIdentity><ns14:User DomainName="Local Domain" UserName="YIBwUb2MviKgeeD11B8Gtw=="><ns14:FullName>Service: uddi:5a0e7613-b25c-11e4-9d14-dc40c838bd18</ns14:FullName><ns14:IdentityKey>urn:uuid:5a18af44-b25c-11e4-9d14-dc40c838bd18</ns14:IdentityKey><ns14:Password>AWV1ebXwZ/DJBkPW37zmthbthREgyY9WW/FdBAfAOpI04IxBQE+vRxc/f21EJP/wudn1RdF2R4aggPLeLdGcbA==</ns14:Password><ns14:Disabled>false</ns14:Disabled><ns14:ForcePwdResetOnNextLogin>false</ns14:ForcePwdResetOnNextLogin><ns14:Expired>false</ns14:Expired><ns14:ReadOnly>true</ns14:ReadOnly><ns14:PasswordFrmSeed>0</ns14:PasswordFrmSeed><ns14:OrganizationKey>uddi:soa.com:registryorganization</ns14:OrganizationKey><ns14:PasswordSalt>JR7h8XvMMqV7D+kAzVohZc2tnyjaIGaR+ue3gH4+lCLqupjelYReTJeTEx9Z++BaWTSsGLYjoOBx3CPJ2Ok45Q==</ns14:PasswordSalt></ns14:User><ns2:PKIGenerated>true</ns2:PKIGenerated></ns2:ExportUserIdentity></ns2:ExportObjectConfiguration><ns2:ExportObjectConfiguration><ns1:IdentityKey><ns1:Key>Local Domain\49GlwR6ITlUIOWAE1d5wuA==</ns1:Key><ns1:DomainName>Local Domain</ns1:DomainName><ns1:UserName>49GlwR6ITlUIOWAE1d5wuA==</ns1:UserName></ns1:IdentityKey><ns2:ExportUserIdentity><ns14:User DomainName="Local Domain" UserName="49GlwR6ITlUIOWAE1d5wuA=="><ns14:FullName>Service: uddi:2748c56d-b30b-11e4-a144-ca760559c5eb</ns14:FullName><ns14:IdentityKey>urn:uuid:274bd2ae-b30b-11e4-a144-ca760559c5eb</ns14:IdentityKey><ns14:Password>ij2YLjxr9IwMZyNZ4xJ8GbHxt6avCo7C3CVuR/pdDCm9s5LMP70wBkQNAlHUfcoAfnULBw+0g3/508y25h7EUQ==</ns14:Password><ns14:Disabled>false</ns14:Disabled><ns14:ForcePwdResetOnNextLogin>false</ns14:ForcePwdResetOnNextLogin><ns14:Expired>false</ns14:Expired><ns14:ReadOnly>true</ns14:ReadOnly><ns14:PasswordFrmSeed>0</ns14:PasswordFrmSeed><ns14:OrganizationKey>uddi:soa.com:registryorganization</ns14:OrganizationKey><ns14:PasswordSalt>gQmtohc3YIY1vPt3iuqzpvH2qdmcecDbrsB26WOYGlG0UH7fJRyBdCBSO0t6Aiy2Mv7cT8lpujrlPTPQmBvYVA==</ns14:PasswordSalt></ns14:User><ns2:PKIGenerated>true</ns2:PKIGenerated></ns2:ExportUserIdentity></ns2:ExportObjectConfiguration></ns2:ExportConfiguration>