<?xml version="1.0" encoding="UTF-8"?>
<ns8:ExportConfiguration xmlns="http://digev.com/uri/products/ManagementServer/xsd/1.0" xmlns:ns10="http://soa.com/uri/products/Policy/xsd/1.0" xmlns:ns11="http://soa.com/uri/products/Contracts/xsd/1.0" xmlns:ns12="http://soa.com/uri/products/IdentityAuthorization/xsd/1.0" xmlns:ns13="http://soa.com/uri/products/Organization/xsd/1.0" xmlns:ns14="http://digev.com/uri/products/AlertManager/xsd/1.0" xmlns:ns15="http://digev.com/uri/products/PolicyManager/xsd/1.0" xmlns:ns2="http://digev.com/uri/products/Types/xsd/1.0" xmlns:ns3="http://www.soa.com/uri/products/SLAPolicy/xsd/1.0" xmlns:ns4="urn:uddi-org:api_v3" xmlns:ns5="http://www.w3.org/2000/09/xmldsig#" xmlns:ns6="http://soa.com/uri/products/ServiceProperties/1.0" xmlns:ns7="http://soa.com/uri/products/ServiceEndpointProperties/1.0" xmlns:ns8="http://www.soa.com/uri/products/ServiceManagerMigration/xsd/1.0" xmlns:ns9="urn:uddi-org:sub_v3"><ns8:SourceOrganization><ns2:Key>uddi:soa.com:registryorganization</ns2:Key></ns8:SourceOrganization><ns8:ExportObjectConfiguration><ns2:OrganizationKey><ns2:Key>uddi:de16dd10-b7c8-11e4-a1d3-e7b0fbac92ac</ns2:Key></ns2:OrganizationKey><ns8:ExportOrganization><ns13:Organization><ns13:OrganizationKey><ns2:Key>uddi:de16dd10-b7c8-11e4-a1d3-e7b0fbac92ac</ns2:Key></ns13:OrganizationKey><ns13:ParentKey><ns2:Key>uddi:soa.com:registryorganization</ns2:Key></ns13:ParentKey><ns13:Name>Google Drive API Hook</ns13:Name><ns13:Description></ns13:Description><ns13:OrganizationType>Project</ns13:OrganizationType></ns13:Organization><ns4:businessEntity businessKey="uddi:de16dd10-b7c8-11e4-a1d3-e7b0fbac92ac"><ns4:name>Google Drive API Hook</ns4:name><ns4:categoryBag><ns4:keyedReferenceGroup tModelKey="uddi:soa.com:organization:group"><ns4:keyedReference keyName="Organization type" keyValue="Project" tModelKey="uddi:soa.com:categorization:organizationtype"/></ns4:keyedReferenceGroup></ns4:categoryBag></ns4:businessEntity></ns8:ExportOrganization></ns8:ExportObjectConfiguration><ns8:ExportObjectConfiguration><ns2:ScriptKey><ns2:Key>script:cab432a2-a4f4-11e4-8c33-f78776b6b53c</ns2:Key></ns2:ScriptKey><ns8:ExportScript><ns8:ScriptUri>scripts/script_cab432a2-a4f4-11e4-8c33-f78776b6b53c.xml</ns8:ScriptUri><ns8:Name>Signature</ns8:Name><ns8:Description>uses Java to signed the object passed in, with the method passed in as a parameter</ns8:Description><ns8:ScriptKey>script:cab432a2-a4f4-11e4-8c33-f78776b6b53c</ns8:ScriptKey><ns8:OrganizationKey>uddi:de16dd10-b7c8-11e4-a1d3-e7b0fbac92ac</ns8:OrganizationKey><ns8:Type>js</ns8:Type></ns8:ExportScript></ns8:ExportObjectConfiguration><ns8:ExportObjectConfiguration><ns2:BpelKey><ns2:Key>bpel:576ecbfb-b264-11e4-9d14-dc40c838bd18</ns2:Key></ns2:BpelKey><ns8:ExportBpel><ns8:BpelUri>bpels/bpel_576ecbfb-b264-11e4-9d14-dc40c838bd18.xml</ns8:BpelUri></ns8:ExportBpel></ns8:ExportObjectConfiguration><ns8:ExportObjectConfiguration><ns2:BpelKey><ns2:Key>bpel:6ee7ec02-b7c9-11e4-a1d3-e7b0fbac92ac</ns2:Key></ns2:BpelKey><ns8:ExportBpel><ns8:BpelUri>bpels/bpel_6ee7ec02-b7c9-11e4-a1d3-e7b0fbac92ac.xml</ns8:BpelUri></ns8:ExportBpel></ns8:ExportObjectConfiguration><ns8:ExportObjectConfiguration><ns2:BpelKey><ns2:Key>bpel:f9ec0fa7-b7dd-11e4-b67d-f5b31262a0e1</ns2:Key></ns2:BpelKey><ns8:ExportBpel><ns8:BpelUri>bpels/bpel_f9ec0fa7-b7dd-11e4-b67d-f5b31262a0e1.xml</ns8:BpelUri></ns8:ExportBpel></ns8:ExportObjectConfiguration><ns8:ExportObjectConfiguration><ns2:BpelKey><ns2:Key>bpel:e89f3e97-b7c8-11e4-a1d3-e7b0fbac92ac</ns2:Key></ns2:BpelKey><ns8:ExportBpel><ns8:BpelUri>bpels/bpel_e89f3e97-b7c8-11e4-a1d3-e7b0fbac92ac.xml</ns8:BpelUri></ns8:ExportBpel></ns8:ExportObjectConfiguration><ns8:ExportObjectConfiguration><ns2:InterfaceKey><ns2:Key>uddi:f8740229-0ee7-4455-f110-e229ccd73f9b</ns2:Key><ns2:InterfaceQName>{https://www.googleapis.com/drive/v2}Google_Drive_API.raml_PortType</ns2:InterfaceQName></ns2:InterfaceKey><ns8:ExportInterface><ns4:tModel deleted="false" tModelKey="uddi:f8740229-0ee7-4455-f110-e229ccd73f9b"><ns4:name>Google_Drive_API.raml_PortType</ns4:name><ns4:categoryBag><ns4:keyedReference keyName="portType namespace" keyValue="https://www.googleapis.com/drive/v2" tModelKey="uddi:uddi.org:xml:namespace"/><ns4:keyedReference keyName="WSDL type" keyValue="portType" tModelKey="uddi:uddi.org:wsdl:types"/></ns4:categoryBag></ns4:tModel><ns8:InterfaceWsdlUri>wsdls/uddi_f8740229-0ee7-4455-f110-e229ccd73f9b.wsdl</ns8:InterfaceWsdlUri></ns8:ExportInterface></ns8:ExportObjectConfiguration><ns8:ExportObjectConfiguration><ns2:InterfaceKey><ns2:Key>uddi:79ae7a0e-b8bb-2d01-4db8-1ee09fd48c2c</ns2:Key><ns2:InterfaceQName>{https://soa.com}Google_Drive_Hook_PortType</ns2:InterfaceQName></ns2:InterfaceKey><ns8:ExportInterface><ns4:tModel deleted="false" tModelKey="uddi:79ae7a0e-b8bb-2d01-4db8-1ee09fd48c2c"><ns4:name>Google_Drive_Hook_PortType</ns4:name><ns4:categoryBag><ns4:keyedReference keyName="portType namespace" keyValue="https://soa.com" tModelKey="uddi:uddi.org:xml:namespace"/><ns4:keyedReference keyName="WSDL type" keyValue="portType" tModelKey="uddi:uddi.org:wsdl:types"/></ns4:categoryBag></ns4:tModel><ns8:InterfaceWsdlUri>wsdls/uddi_79ae7a0e-b8bb-2d01-4db8-1ee09fd48c2c.wsdl</ns8:InterfaceWsdlUri></ns8:ExportInterface></ns8:ExportObjectConfiguration><ns8:ExportObjectConfiguration><ns2:InterfaceKey><ns2:Key>uddi:1d873bff-958d-a5f4-59f7-4aacb94c8fbd</ns2:Key><ns2:InterfaceQName>{https://www.googleapis.com/oauth2/v3}Google_Auth_API_PortType</ns2:InterfaceQName></ns2:InterfaceKey><ns8:ExportInterface><ns4:tModel deleted="false" tModelKey="uddi:1d873bff-958d-a5f4-59f7-4aacb94c8fbd"><ns4:name>Google_Auth_API_PortType</ns4:name><ns4:categoryBag><ns4:keyedReference keyName="WSDL type" keyValue="portType" tModelKey="uddi:uddi.org:wsdl:types"/><ns4:keyedReference keyName="portType namespace" keyValue="https://www.googleapis.com/oauth2/v3" tModelKey="uddi:uddi.org:xml:namespace"/></ns4:categoryBag></ns4:tModel><ns8:InterfaceWsdlUri>wsdls/uddi_1d873bff-958d-a5f4-59f7-4aacb94c8fbd.wsdl</ns8:InterfaceWsdlUri></ns8:ExportInterface></ns8:ExportObjectConfiguration><ns8:ExportObjectConfiguration><ns2:InterfaceKey><ns2:Key>uddi:6223269c-902f-eae4-ed9b-22d68b08528b</ns2:Key><ns2:InterfaceQName>{https://www.googleapis.com/upload/drive/v2}Google_Drive_Upload_API_Hook_PortType</ns2:InterfaceQName></ns2:InterfaceKey><ns8:ExportInterface><ns4:tModel deleted="false" tModelKey="uddi:6223269c-902f-eae4-ed9b-22d68b08528b"><ns4:name>Google_Drive_Upload_API_Hook_PortType</ns4:name><ns4:categoryBag><ns4:keyedReference keyName="portType namespace" keyValue="https://www.googleapis.com/upload/drive/v2" tModelKey="uddi:uddi.org:xml:namespace"/><ns4:keyedReference keyName="WSDL type" keyValue="portType" tModelKey="uddi:uddi.org:wsdl:types"/></ns4:categoryBag></ns4:tModel><ns8:InterfaceWsdlUri>wsdls/uddi_6223269c-902f-eae4-ed9b-22d68b08528b.wsdl</ns8:InterfaceWsdlUri></ns8:ExportInterface></ns8:ExportObjectConfiguration><ns8:ExportObjectConfiguration><ns2:BindingKey><ns2:Key>uddi:3bc79260-ada0-d27c-53f5-71314b9a29dd</ns2:Key><ns2:BindingQName>{https://soa.com}Google_Drive_Hook_Binding</ns2:BindingQName><ns2:BindingType>binding.http</ns2:BindingType></ns2:BindingKey><ns8:ExportBinding><ns4:tModel deleted="false" tModelKey="uddi:3bc79260-ada0-d27c-53f5-71314b9a29dd"><ns4:name>Google_Drive_Hook_Binding</ns4:name><ns4:categoryBag><ns4:keyedReference keyName="binding namespace" keyValue="https://soa.com" tModelKey="uddi:uddi.org:xml:namespace"/><ns4:keyedReference keyName="WSDL type" keyValue="binding" tModelKey="uddi:uddi.org:wsdl:types"/><ns4:keyedReference keyName="uddi-org:types" keyValue="wsdlSpec" tModelKey="uddi:uddi.org:categorization:types"/><ns4:keyedReference keyName="portType Reference" keyValue="uddi:79ae7a0e-b8bb-2d01-4db8-1ee09fd48c2c" tModelKey="uddi:uddi.org:wsdl:porttypereference"/></ns4:categoryBag></ns4:tModel><ns8:BindingWsdlUri>wsdls/uddi_3bc79260-ada0-d27c-53f5-71314b9a29dd.wsdl</ns8:BindingWsdlUri></ns8:ExportBinding></ns8:ExportObjectConfiguration><ns8:ExportObjectConfiguration><ns2:BindingKey><ns2:Key>uddi:dc5a28ab-1629-fa77-0f22-8a3e9ff03bc5</ns2:Key><ns2:BindingQName>{https://www.googleapis.com/upload/drive/v2}Google_Drive_Upload_API_Hook_Binding</ns2:BindingQName><ns2:BindingType>binding.http</ns2:BindingType></ns2:BindingKey><ns8:ExportBinding><ns4:tModel deleted="false" tModelKey="uddi:dc5a28ab-1629-fa77-0f22-8a3e9ff03bc5"><ns4:name>Google_Drive_Upload_API_Hook_Binding</ns4:name><ns4:categoryBag><ns4:keyedReference keyName="binding namespace" keyValue="https://www.googleapis.com/upload/drive/v2" tModelKey="uddi:uddi.org:xml:namespace"/><ns4:keyedReference keyName="WSDL type" keyValue="binding" tModelKey="uddi:uddi.org:wsdl:types"/><ns4:keyedReference keyName="portType Reference" keyValue="uddi:6223269c-902f-eae4-ed9b-22d68b08528b" tModelKey="uddi:uddi.org:wsdl:porttypereference"/><ns4:keyedReference keyName="uddi-org:types" keyValue="wsdlSpec" tModelKey="uddi:uddi.org:categorization:types"/></ns4:categoryBag></ns4:tModel><ns8:BindingWsdlUri>wsdls/uddi_dc5a28ab-1629-fa77-0f22-8a3e9ff03bc5.wsdl</ns8:BindingWsdlUri></ns8:ExportBinding></ns8:ExportObjectConfiguration><ns8:ExportObjectConfiguration><ns2:BindingKey><ns2:Key>uddi:45bfeba2-5852-0f9e-f587-b5135810111a</ns2:Key><ns2:BindingQName>{https://www.googleapis.com/oauth2/v3}Google_Auth_API_Hook_Binding</ns2:BindingQName><ns2:BindingType>binding.http</ns2:BindingType></ns2:BindingKey><ns8:ExportBinding><ns4:tModel deleted="false" tModelKey="uddi:45bfeba2-5852-0f9e-f587-b5135810111a"><ns4:name>Google_Auth_API_Hook_Binding</ns4:name><ns4:categoryBag><ns4:keyedReference keyName="binding namespace" keyValue="https://www.googleapis.com/oauth2/v3" tModelKey="uddi:uddi.org:xml:namespace"/><ns4:keyedReference keyName="WSDL type" keyValue="binding" tModelKey="uddi:uddi.org:wsdl:types"/><ns4:keyedReference keyName="portType Reference" keyValue="uddi:1d873bff-958d-a5f4-59f7-4aacb94c8fbd" tModelKey="uddi:uddi.org:wsdl:porttypereference"/><ns4:keyedReference keyName="uddi-org:types" keyValue="wsdlSpec" tModelKey="uddi:uddi.org:categorization:types"/></ns4:categoryBag></ns4:tModel><ns8:BindingWsdlUri>wsdls/uddi_45bfeba2-5852-0f9e-f587-b5135810111a.wsdl</ns8:BindingWsdlUri></ns8:ExportBinding></ns8:ExportObjectConfiguration><ns8:ExportObjectConfiguration><ns2:BindingKey><ns2:Key>uddi:b5acef07-5d96-5e1c-8c46-ac622782b93d</ns2:Key><ns2:BindingQName>{https://www.googleapis.com/drive/v2}Google_Drive_API_Hook</ns2:BindingQName><ns2:BindingType>binding.http</ns2:BindingType></ns2:BindingKey><ns8:ExportBinding><ns4:tModel deleted="false" tModelKey="uddi:b5acef07-5d96-5e1c-8c46-ac622782b93d"><ns4:name>Google_Drive_API_Hook</ns4:name><ns4:categoryBag><ns4:keyedReference keyName="binding namespace" keyValue="https://www.googleapis.com/drive/v2" tModelKey="uddi:uddi.org:xml:namespace"/><ns4:keyedReference keyName="WSDL type" keyValue="binding" tModelKey="uddi:uddi.org:wsdl:types"/><ns4:keyedReference keyName="portType Reference" keyValue="uddi:f8740229-0ee7-4455-f110-e229ccd73f9b" tModelKey="uddi:uddi.org:wsdl:porttypereference"/><ns4:keyedReference keyName="uddi-org:types" keyValue="wsdlSpec" tModelKey="uddi:uddi.org:categorization:types"/></ns4:categoryBag></ns4:tModel><ns8:BindingWsdlUri>wsdls/uddi_b5acef07-5d96-5e1c-8c46-ac622782b93d.wsdl</ns8:BindingWsdlUri></ns8:ExportBinding></ns8:ExportObjectConfiguration><ns8:ExportObjectConfiguration><ns2:ServiceKey><ns2:Key>uddi:a9d177b8-b7dd-11e4-b67d-f5b31262a0e1</ns2:Key><ns2:ServiceQName>{https://hooks.soa.com}Google_Drive_Hook</ns2:ServiceQName></ns2:ServiceKey><ns8:ExportService><VirtualService BusinessKey="uddi:de16dd10-b7c8-11e4-a1d3-e7b0fbac92ac" ServiceKey="uddi:a9d177b8-b7dd-11e4-b67d-f5b31262a0e1" WsdlServiceLocalName="Google_Drive_Hook" WsdlTargetNamespaceUrl="https://hooks.soa.com"><Name>Google_Drive_Hook</Name><Description></Description><Operations><LogicalOperation InterfaceName="{https://soa.com}Google_Drive_Hook_PortType" ManagementState="Enabled" NextHopOperationKey="uddi:055b7b84-9fa1-11e4-bd8a-eaa1e8f31cf2$$${https://www.googleapis.com/oauth2/v3}Google_Auth_API_PortType$$$POST__token" NextHopOperationName="POST /files" NextHopServiceKey="uddi:2748c56d-b30b-11e4-a144-ca760559c5eb" NextHopServiceName="Google_Drive_Upload_API" NumOfVirtualizedOperations="0" OperationKey="aa13149c-b7dd-11e4-b67d-f5b31262a0e1" OperationLastUpdatedAt="2015-02-19T03:42:03.893Z" OperationName="PUT /file" PolicyAvailable="true" ServiceKey="uddi:a9d177b8-b7dd-11e4-b67d-f5b31262a0e1" WsdlOperationName="PUT__file"><NextHopOperation InterfaceName="{https://www.googleapis.com/upload/drive/v2}Google_Drive_Upload_API.raml_PortType" OperationKey="27a05b51-b30b-11e4-a144-ca760559c5eb" OperationLastUpdatedAt="2015-02-12T23:02:02.067Z" OperationName="POST /files" ServiceKey="uddi:2748c56d-b30b-11e4-a144-ca760559c5eb" ServiceName="Google_Drive_Upload_API" WsdlOperationName="POST__files"/></LogicalOperation></Operations></VirtualService><ns4:businessService businessKey="uddi:de16dd10-b7c8-11e4-a1d3-e7b0fbac92ac" serviceKey="uddi:a9d177b8-b7dd-11e4-b67d-f5b31262a0e1"><ns4:name>Google_Drive_Hook</ns4:name><ns4:bindingTemplates><ns4:bindingTemplate bindingKey="uddi:aa3d31e0-b7dd-11e4-b67d-f5b31262a0e1" serviceKey="uddi:a9d177b8-b7dd-11e4-b67d-f5b31262a0e1"><ns4:accessPoint useType="endPoint">http://win7-64-vm:80/google_drive</ns4:accessPoint><ns4:tModelInstanceDetails><ns4:tModelInstanceInfo tModelKey="uddi:3bc79260-ada0-d27c-53f5-71314b9a29dd"><ns4:description>The wsdl:binding that this wsdl:port implements. The instanceParms specifies the port local name.</ns4:description><ns4:instanceDetails><ns4:instanceParms>HTTP</ns4:instanceParms></ns4:instanceDetails></ns4:tModelInstanceInfo><ns4:tModelInstanceInfo tModelKey="uddi:79ae7a0e-b8bb-2d01-4db8-1ee09fd48c2c"><ns4:description>The wsdl:portType that this wsdl:port implements.</ns4:description></ns4:tModelInstanceInfo></ns4:tModelInstanceDetails><ns4:categoryBag><ns4:keyedReference keyName="WSDL type" keyValue="port" tModelKey="uddi:uddi.org:wsdl:types"/><ns4:keyedReferenceGroup tModelKey="uddi:soa.com:serviceendpoint:group"><ns4:keyedReference keyName="containerKey" keyValue="ND-Cluster" tModelKey="uddi:soa.com:serviceendpoint:containername"/><ns4:keyedReference keyName="listenerName" keyValue="default-http0" tModelKey="uddi:soa.com:serviceendpoint:listenername"/></ns4:keyedReferenceGroup></ns4:categoryBag></ns4:bindingTemplate></ns4:bindingTemplates><ns4:categoryBag><ns4:keyedReference keyName="Virtual Service" keyValue="Virtual Service" tModelKey="uddi:digev.com:categorization:services"/><ns4:keyedReference keyName="Design" keyValue="Design" tModelKey="uddi:soa.com:servicelifecyclestage"/><ns4:keyedReference keyName="WSDL type" keyValue="service" tModelKey="uddi:uddi.org:wsdl:types"/><ns4:keyedReference keyName="service namespace" keyValue="https://hooks.soa.com" tModelKey="uddi:uddi.org:xml:namespace"/><ns4:keyedReference keyName="service local name" keyValue="Google_Drive_Hook" tModelKey="uddi:uddi.org:xml:localname"/><ns4:keyedReference keyName="Managed Service" keyValue="Managed Service" tModelKey="uddi:digev.com:categorization:services"/><ns4:keyedReferenceGroup tModelKey="uddi:soa.com:service:group"><ns4:keyedReference keyName="WSDL Url" keyValue="Google Drive API Hook.raml" tModelKey="uddi:soa.com:wsdl:location"/></ns4:keyedReferenceGroup></ns4:categoryBag></ns4:businessService><ns8:ExportServiceEndpoint><ns7:ServiceEndpoint><ns7:ServiceKey>uddi:a9d177b8-b7dd-11e4-b67d-f5b31262a0e1</ns7:ServiceKey><ns7:Name>uddi:aa3d31e0-b7dd-11e4-b67d-f5b31262a0e1</ns7:Name><ns7:Url>http://win7-64-vm:80/google_drive</ns7:Url><ns7:BindingQName>{https://soa.com}Google_Drive_Hook_Binding</ns7:BindingQName><ns7:PortName>HTTP</ns7:PortName><ns7:Protocol>http</ns7:Protocol><ns7:ContainerKey>ND-Cluster</ns7:ContainerKey><ns7:ListenerName>default-http0</ns7:ListenerName></ns7:ServiceEndpoint><ns8:EndpointWsdlUri>wsdls/uddi_aa3d31e0-b7dd-11e4-b67d-f5b31262a0e1.wsdl</ns8:EndpointWsdlUri></ns8:ExportServiceEndpoint><ns8:BpelUri>services/uddi_a9d177b8-b7dd-11e4-b67d-f5b31262a0e1/bpel.xml</ns8:BpelUri><ns8:ManagementUri>services/uddi_a9d177b8-b7dd-11e4-b67d-f5b31262a0e1/management.xml</ns8:ManagementUri></ns8:ExportService></ns8:ExportObjectConfiguration><ns8:ExportObjectConfiguration><ns2:ServiceKey><ns2:Key>uddi:77b67a2b-b7d2-11e4-a1d3-e7b0fbac92ac</ns2:Key><ns2:ServiceQName>{https://www.googleapis.com/drive/v2/Hook}Google_Drive_API.raml</ns2:ServiceQName></ns2:ServiceKey><ns8:ExportService><PhysicalService BusinessKey="uddi:de16dd10-b7c8-11e4-a1d3-e7b0fbac92ac" Discovered="false" ServiceKey="uddi:77b67a2b-b7d2-11e4-a1d3-e7b0fbac92ac" WsdlServiceLocalName="Google_Drive_API.raml" WsdlTargetNamespaceUrl="https://www.googleapis.com/drive/v2/Hook"><Name>Google_Drive_API</Name><Description></Description><Operations><Operation InterfaceName="{https://www.googleapis.com/drive/v2}Google_Drive_API.raml_PortType" ManagementState="Enabled" NumOfVirtualizedOperations="0" OperationKey="77eb6ce9-b7d2-11e4-a1d3-e7b0fbac92ac" OperationLastUpdatedAt="2015-02-19T00:58:51.817Z" OperationName="DELETE /files/{fileId}" PolicyAvailable="true" ServiceKey="uddi:77b67a2b-b7d2-11e4-a1d3-e7b0fbac92ac" WsdlOperationName="DELETE__files__fileId_"/><Operation InterfaceName="{https://www.googleapis.com/drive/v2}Google_Drive_API.raml_PortType" ManagementState="Enabled" NumOfVirtualizedOperations="0" OperationKey="77f8d995-b7d2-11e4-a1d3-e7b0fbac92ac" OperationLastUpdatedAt="2015-02-19T00:58:51.817Z" OperationName="DELETE /files/{fileId}/comments/{commentId}" PolicyAvailable="true" ServiceKey="uddi:77b67a2b-b7d2-11e4-a1d3-e7b0fbac92ac" WsdlOperationName="DELETE__files__fileId__comments__commentId_"/><Operation InterfaceName="{https://www.googleapis.com/drive/v2}Google_Drive_API.raml_PortType" ManagementState="Enabled" NumOfVirtualizedOperations="0" OperationKey="77fc5c10-b7d2-11e4-a1d3-e7b0fbac92ac" OperationLastUpdatedAt="2015-02-19T00:58:51.817Z" OperationName="DELETE /files/{fileId}/comments/{commentId}/replies/{replyId}" PolicyAvailable="true" ServiceKey="uddi:77b67a2b-b7d2-11e4-a1d3-e7b0fbac92ac" WsdlOperationName="DELETE__files__fileId__comments__commentId__replies__replyId_"/><Operation InterfaceName="{https://www.googleapis.com/drive/v2}Google_Drive_API.raml_PortType" ManagementState="Enabled" NumOfVirtualizedOperations="0" OperationKey="77ed1a9f-b7d2-11e4-a1d3-e7b0fbac92ac" OperationLastUpdatedAt="2015-02-19T00:58:51.817Z" OperationName="DELETE /files/{fileId}/parents/{parentId}" PolicyAvailable="true" ServiceKey="uddi:77b67a2b-b7d2-11e4-a1d3-e7b0fbac92ac" WsdlOperationName="DELETE__files__fileId__parents__parentId_"/><Operation InterfaceName="{https://www.googleapis.com/drive/v2}Google_Drive_API.raml_PortType" ManagementState="Enabled" NumOfVirtualizedOperations="0" OperationKey="77f38352-b7d2-11e4-a1d3-e7b0fbac92ac" OperationLastUpdatedAt="2015-02-19T00:58:51.817Z" OperationName="DELETE /files/{fileId}/permissions/{permissionId}" PolicyAvailable="true" ServiceKey="uddi:77b67a2b-b7d2-11e4-a1d3-e7b0fbac92ac" WsdlOperationName="DELETE__files__fileId__permissions__permissionId_"/><Operation InterfaceName="{https://www.googleapis.com/drive/v2}Google_Drive_API.raml_PortType" ManagementState="Enabled" NumOfVirtualizedOperations="0" OperationKey="77f000d7-b7d2-11e4-a1d3-e7b0fbac92ac" OperationLastUpdatedAt="2015-02-19T00:58:51.817Z" OperationName="DELETE /files/{fileId}/properties/{propertyKey}" PolicyAvailable="true" ServiceKey="uddi:77b67a2b-b7d2-11e4-a1d3-e7b0fbac92ac" WsdlOperationName="DELETE__files__fileId__properties__propertyKey_"/><Operation InterfaceName="{https://www.googleapis.com/drive/v2}Google_Drive_API.raml_PortType" ManagementState="Enabled" NumOfVirtualizedOperations="0" OperationKey="78002cad-b7d2-11e4-a1d3-e7b0fbac92ac" OperationLastUpdatedAt="2015-02-19T00:58:51.817Z" OperationName="DELETE /files/{fileId}/revisions/{revisionId}" PolicyAvailable="true" ServiceKey="uddi:77b67a2b-b7d2-11e4-a1d3-e7b0fbac92ac" WsdlOperationName="DELETE__files__fileId__revisions__revisionId_"/><Operation InterfaceName="{https://www.googleapis.com/drive/v2}Google_Drive_API.raml_PortType" ManagementState="Enabled" NumOfVirtualizedOperations="0" OperationKey="77f6909d-b7d2-11e4-a1d3-e7b0fbac92ac" OperationLastUpdatedAt="2015-02-19T00:58:51.817Z" OperationName="DELETE /files/{fileId}/trash" PolicyAvailable="true" ServiceKey="uddi:77b67a2b-b7d2-11e4-a1d3-e7b0fbac92ac" WsdlOperationName="DELETE__files__fileId__trash"/><Operation InterfaceName="{https://www.googleapis.com/drive/v2}Google_Drive_API.raml_PortType" ManagementState="Enabled" NumOfVirtualizedOperations="0" OperationKey="7803d638-b7d2-11e4-a1d3-e7b0fbac92ac" OperationLastUpdatedAt="2015-02-19T00:58:51.817Z" OperationName="DELETE /files/{folderId}/children/{childId}" PolicyAvailable="true" ServiceKey="uddi:77b67a2b-b7d2-11e4-a1d3-e7b0fbac92ac" WsdlOperationName="DELETE__files__folderId__children__childId_"/><Operation InterfaceName="{https://www.googleapis.com/drive/v2}Google_Drive_API.raml_PortType" ManagementState="Enabled" NumOfVirtualizedOperations="0" OperationKey="780535cb-b7d2-11e4-a1d3-e7b0fbac92ac" OperationLastUpdatedAt="2015-02-19T00:58:51.817Z" OperationName="GET /about" PolicyAvailable="true" ServiceKey="uddi:77b67a2b-b7d2-11e4-a1d3-e7b0fbac92ac" WsdlOperationName="GET__about"/><Operation InterfaceName="{https://www.googleapis.com/drive/v2}Google_Drive_API.raml_PortType" ManagementState="Enabled" NumOfVirtualizedOperations="0" OperationKey="78092d76-b7d2-11e4-a1d3-e7b0fbac92ac" OperationLastUpdatedAt="2015-02-19T00:58:51.817Z" OperationName="GET /apps" PolicyAvailable="true" ServiceKey="uddi:77b67a2b-b7d2-11e4-a1d3-e7b0fbac92ac" WsdlOperationName="GET__apps"/><Operation InterfaceName="{https://www.googleapis.com/drive/v2}Google_Drive_API.raml_PortType" ManagementState="Enabled" NumOfVirtualizedOperations="0" OperationKey="7809f0c8-b7d2-11e4-a1d3-e7b0fbac92ac" OperationLastUpdatedAt="2015-02-19T00:58:51.817Z" OperationName="GET /apps/{appId}" PolicyAvailable="true" ServiceKey="uddi:77b67a2b-b7d2-11e4-a1d3-e7b0fbac92ac" WsdlOperationName="GET__apps__appId_"/><Operation InterfaceName="{https://www.googleapis.com/drive/v2}Google_Drive_API.raml_PortType" ManagementState="Enabled" NumOfVirtualizedOperations="0" OperationKey="7805d20d-b7d2-11e4-a1d3-e7b0fbac92ac" OperationLastUpdatedAt="2015-02-19T00:58:51.817Z" OperationName="GET /changes" PolicyAvailable="true" ServiceKey="uddi:77b67a2b-b7d2-11e4-a1d3-e7b0fbac92ac" WsdlOperationName="GET__changes"/><Operation InterfaceName="{https://www.googleapis.com/drive/v2}Google_Drive_API.raml_PortType" ManagementState="Enabled" NumOfVirtualizedOperations="0" OperationKey="78070a92-b7d2-11e4-a1d3-e7b0fbac92ac" OperationLastUpdatedAt="2015-02-19T00:58:51.817Z" OperationName="GET /changes/{changeId}" PolicyAvailable="true" ServiceKey="uddi:77b67a2b-b7d2-11e4-a1d3-e7b0fbac92ac" WsdlOperationName="GET__changes__changeId_"/><Operation InterfaceName="{https://www.googleapis.com/drive/v2}Google_Drive_API.raml_PortType" ManagementState="Enabled" NumOfVirtualizedOperations="0" OperationKey="77e8388f-b7d2-11e4-a1d3-e7b0fbac92ac" OperationLastUpdatedAt="2015-02-19T00:58:51.817Z" OperationName="GET /files" PolicyAvailable="true" ServiceKey="uddi:77b67a2b-b7d2-11e4-a1d3-e7b0fbac92ac" WsdlOperationName="GET__files"/><Operation InterfaceName="{https://www.googleapis.com/drive/v2}Google_Drive_API.raml_PortType" ManagementState="Enabled" NumOfVirtualizedOperations="0" OperationKey="77ea3464-b7d2-11e4-a1d3-e7b0fbac92ac" OperationLastUpdatedAt="2015-02-19T00:58:51.817Z" OperationName="GET /files/{fileId}" PolicyAvailable="true" ServiceKey="uddi:77b67a2b-b7d2-11e4-a1d3-e7b0fbac92ac" WsdlOperationName="GET__files__fileId_"/><Operation InterfaceName="{https://www.googleapis.com/drive/v2}Google_Drive_API.raml_PortType" ManagementState="Enabled" NumOfVirtualizedOperations="0" OperationKey="77f7a110-b7d2-11e4-a1d3-e7b0fbac92ac" OperationLastUpdatedAt="2015-02-19T00:58:51.817Z" OperationName="GET /files/{fileId}/comments" PolicyAvailable="true" ServiceKey="uddi:77b67a2b-b7d2-11e4-a1d3-e7b0fbac92ac" WsdlOperationName="GET__files__fileId__comments"/><Operation InterfaceName="{https://www.googleapis.com/drive/v2}Google_Drive_API.raml_PortType" ManagementState="Enabled" NumOfVirtualizedOperations="0" OperationKey="77f94ec6-b7d2-11e4-a1d3-e7b0fbac92ac" OperationLastUpdatedAt="2015-02-19T00:58:51.817Z" OperationName="GET /files/{fileId}/comments/{commentId}" PolicyAvailable="true" ServiceKey="uddi:77b67a2b-b7d2-11e4-a1d3-e7b0fbac92ac" WsdlOperationName="GET__files__fileId__comments__commentId_"/><Operation InterfaceName="{https://www.googleapis.com/drive/v2}Google_Drive_API.raml_PortType" ManagementState="Enabled" NumOfVirtualizedOperations="0" OperationKey="77fad56b-b7d2-11e4-a1d3-e7b0fbac92ac" OperationLastUpdatedAt="2015-02-19T00:58:51.817Z" OperationName="GET /files/{fileId}/comments/{commentId}/replies" PolicyAvailable="true" ServiceKey="uddi:77b67a2b-b7d2-11e4-a1d3-e7b0fbac92ac" WsdlOperationName="GET__files__fileId__comments__commentId__replies"/><Operation InterfaceName="{https://www.googleapis.com/drive/v2}Google_Drive_API.raml_PortType" ManagementState="Enabled" NumOfVirtualizedOperations="0" OperationKey="77fcf851-b7d2-11e4-a1d3-e7b0fbac92ac" OperationLastUpdatedAt="2015-02-19T00:58:51.817Z" OperationName="GET /files/{fileId}/comments/{commentId}/replies/{replyId}" PolicyAvailable="true" ServiceKey="uddi:77b67a2b-b7d2-11e4-a1d3-e7b0fbac92ac" WsdlOperationName="GET__files__fileId__comments__commentId__replies__replyId_"/><Operation InterfaceName="{https://www.googleapis.com/drive/v2}Google_Drive_API.raml_PortType" ManagementState="Enabled" NumOfVirtualizedOperations="0" OperationKey="77ebe21a-b7d2-11e4-a1d3-e7b0fbac92ac" OperationLastUpdatedAt="2015-02-19T00:58:51.817Z" OperationName="GET /files/{fileId}/parents" PolicyAvailable="true" ServiceKey="uddi:77b67a2b-b7d2-11e4-a1d3-e7b0fbac92ac" WsdlOperationName="GET__files__fileId__parents"/><Operation InterfaceName="{https://www.googleapis.com/drive/v2}Google_Drive_API.raml_PortType" ManagementState="Enabled" NumOfVirtualizedOperations="0" OperationKey="77edb6e0-b7d2-11e4-a1d3-e7b0fbac92ac" OperationLastUpdatedAt="2015-02-19T00:58:51.817Z" OperationName="GET /files/{fileId}/parents/{parentId}" PolicyAvailable="true" ServiceKey="uddi:77b67a2b-b7d2-11e4-a1d3-e7b0fbac92ac" WsdlOperationName="GET__files__fileId__parents__parentId_"/><Operation InterfaceName="{https://www.googleapis.com/drive/v2}Google_Drive_API.raml_PortType" ManagementState="Enabled" NumOfVirtualizedOperations="0" OperationKey="77f24acd-b7d2-11e4-a1d3-e7b0fbac92ac" OperationLastUpdatedAt="2015-02-19T00:58:51.817Z" OperationName="GET /files/{fileId}/permissions" PolicyAvailable="true" ServiceKey="uddi:77b67a2b-b7d2-11e4-a1d3-e7b0fbac92ac" WsdlOperationName="GET__files__fileId__permissions"/><Operation InterfaceName="{https://www.googleapis.com/drive/v2}Google_Drive_API.raml_PortType" ManagementState="Enabled" NumOfVirtualizedOperations="0" OperationKey="77f41f93-b7d2-11e4-a1d3-e7b0fbac92ac" OperationLastUpdatedAt="2015-02-19T00:58:51.817Z" OperationName="GET /files/{fileId}/permissions/{permissionId}" PolicyAvailable="true" ServiceKey="uddi:77b67a2b-b7d2-11e4-a1d3-e7b0fbac92ac" WsdlOperationName="GET__files__fileId__permissions__permissionId_"/><Operation InterfaceName="{https://www.googleapis.com/drive/v2}Google_Drive_API.raml_PortType" ManagementState="Enabled" NumOfVirtualizedOperations="0" OperationKey="77ee2c12-b7d2-11e4-a1d3-e7b0fbac92ac" OperationLastUpdatedAt="2015-02-19T00:58:51.817Z" OperationName="GET /files/{fileId}/properties" PolicyAvailable="true" ServiceKey="uddi:77b67a2b-b7d2-11e4-a1d3-e7b0fbac92ac" WsdlOperationName="GET__files__fileId__properties"/><Operation InterfaceName="{https://www.googleapis.com/drive/v2}Google_Drive_API.raml_PortType" ManagementState="Enabled" NumOfVirtualizedOperations="0" OperationKey="77f0c428-b7d2-11e4-a1d3-e7b0fbac92ac" OperationLastUpdatedAt="2015-02-19T00:58:51.817Z" OperationName="GET /files/{fileId}/properties/{propertyKey}" PolicyAvailable="true" ServiceKey="uddi:77b67a2b-b7d2-11e4-a1d3-e7b0fbac92ac" WsdlOperationName="GET__files__fileId__properties__propertyKey_"/><Operation InterfaceName="{https://www.googleapis.com/drive/v2}Google_Drive_API.raml_PortType" ManagementState="Enabled" NumOfVirtualizedOperations="0" OperationKey="77ff695b-b7d2-11e4-a1d3-e7b0fbac92ac" OperationLastUpdatedAt="2015-02-19T00:58:51.817Z" OperationName="GET /files/{fileId}/revisions" PolicyAvailable="true" ServiceKey="uddi:77b67a2b-b7d2-11e4-a1d3-e7b0fbac92ac" WsdlOperationName="GET__files__fileId__revisions"/><Operation InterfaceName="{https://www.googleapis.com/drive/v2}Google_Drive_API.raml_PortType" ManagementState="Enabled" NumOfVirtualizedOperations="0" OperationKey="7801170e-b7d2-11e4-a1d3-e7b0fbac92ac" OperationLastUpdatedAt="2015-02-19T00:58:51.817Z" OperationName="GET /files/{fileId}/revisions/{revisionId}" PolicyAvailable="true" ServiceKey="uddi:77b67a2b-b7d2-11e4-a1d3-e7b0fbac92ac" WsdlOperationName="GET__files__fileId__revisions__revisionId_"/><Operation InterfaceName="{https://www.googleapis.com/drive/v2}Google_Drive_API.raml_PortType" ManagementState="Enabled" NumOfVirtualizedOperations="0" OperationKey="78024f93-b7d2-11e4-a1d3-e7b0fbac92ac" OperationLastUpdatedAt="2015-02-19T00:58:51.817Z" OperationName="GET /files/{folderId}/children" PolicyAvailable="true" ServiceKey="uddi:77b67a2b-b7d2-11e4-a1d3-e7b0fbac92ac" WsdlOperationName="GET__files__folderId__children"/><Operation InterfaceName="{https://www.googleapis.com/drive/v2}Google_Drive_API.raml_PortType" ManagementState="Enabled" NumOfVirtualizedOperations="0" OperationKey="78044b69-b7d2-11e4-a1d3-e7b0fbac92ac" OperationLastUpdatedAt="2015-02-19T00:58:51.817Z" OperationName="GET /files/{folderId}/children/{childId}" PolicyAvailable="true" ServiceKey="uddi:77b67a2b-b7d2-11e4-a1d3-e7b0fbac92ac" WsdlOperationName="GET__files__folderId__children__childId_"/><Operation InterfaceName="{https://www.googleapis.com/drive/v2}Google_Drive_API.raml_PortType" ManagementState="Enabled" NumOfVirtualizedOperations="0" OperationKey="7807f4f4-b7d2-11e4-a1d3-e7b0fbac92ac" OperationLastUpdatedAt="2015-02-19T00:58:51.817Z" OperationName="GET /permissionIds/{email}" PolicyAvailable="true" ServiceKey="uddi:77b67a2b-b7d2-11e4-a1d3-e7b0fbac92ac" WsdlOperationName="GET__permissionIds__email_"/><Operation InterfaceName="{https://www.googleapis.com/drive/v2}Google_Drive_API.raml_PortType" ManagementState="Enabled" NumOfVirtualizedOperations="0" OperationKey="78066e4f-b7d2-11e4-a1d3-e7b0fbac92ac" OperationLastUpdatedAt="2015-02-19T00:58:51.817Z" OperationName="POST /changes" PolicyAvailable="true" ServiceKey="uddi:77b67a2b-b7d2-11e4-a1d3-e7b0fbac92ac" WsdlOperationName="POST__changes"/><Operation InterfaceName="{https://www.googleapis.com/drive/v2}Google_Drive_API.raml_PortType" ManagementState="Enabled" NumOfVirtualizedOperations="0" OperationKey="780ab41a-b7d2-11e4-a1d3-e7b0fbac92ac" OperationLastUpdatedAt="2015-02-19T00:58:51.817Z" OperationName="POST /channels/stop" PolicyAvailable="true" ServiceKey="uddi:77b67a2b-b7d2-11e4-a1d3-e7b0fbac92ac" WsdlOperationName="POST__channels_stop"/><Operation InterfaceName="{https://www.googleapis.com/drive/v2}Google_Drive_API.raml_PortType" ManagementState="Enabled" NumOfVirtualizedOperations="0" OperationKey="77e99821-b7d2-11e4-a1d3-e7b0fbac92ac" OperationLastUpdatedAt="2015-02-19T00:58:51.817Z" OperationName="POST /files" PolicyAvailable="true" ServiceKey="uddi:77b67a2b-b7d2-11e4-a1d3-e7b0fbac92ac" WsdlOperationName="POST__files"/><Operation InterfaceName="{https://www.googleapis.com/drive/v2}Google_Drive_API.raml_PortType" ManagementState="Enabled" NumOfVirtualizedOperations="0" OperationKey="77f83d52-b7d2-11e4-a1d3-e7b0fbac92ac" OperationLastUpdatedAt="2015-02-19T00:58:51.817Z" OperationName="POST /files/{fileId}/comments" PolicyAvailable="true" ServiceKey="uddi:77b67a2b-b7d2-11e4-a1d3-e7b0fbac92ac" WsdlOperationName="POST__files__fileId__comments"/><Operation InterfaceName="{https://www.googleapis.com/drive/v2}Google_Drive_API.raml_PortType" ManagementState="Enabled" NumOfVirtualizedOperations="0" OperationKey="77fb98bd-b7d2-11e4-a1d3-e7b0fbac92ac" OperationLastUpdatedAt="2015-02-19T00:58:51.817Z" OperationName="POST /files/{fileId}/comments/{commentId}/replies" PolicyAvailable="true" ServiceKey="uddi:77b67a2b-b7d2-11e4-a1d3-e7b0fbac92ac" WsdlOperationName="POST__files__fileId__comments__commentId__replies"/><Operation InterfaceName="{https://www.googleapis.com/drive/v2}Google_Drive_API.raml_PortType" ManagementState="Enabled" NumOfVirtualizedOperations="0" OperationKey="77f55818-b7d2-11e4-a1d3-e7b0fbac92ac" OperationLastUpdatedAt="2015-02-19T00:58:51.817Z" OperationName="POST /files/{fileId}/copy" PolicyAvailable="true" ServiceKey="uddi:77b67a2b-b7d2-11e4-a1d3-e7b0fbac92ac" WsdlOperationName="POST__files__fileId__copy"/><Operation InterfaceName="{https://www.googleapis.com/drive/v2}Google_Drive_API.raml_PortType" ManagementState="Enabled" NumOfVirtualizedOperations="0" OperationKey="77ec7e5c-b7d2-11e4-a1d3-e7b0fbac92ac" OperationLastUpdatedAt="2015-02-19T00:58:51.817Z" OperationName="POST /files/{fileId}/parents" PolicyAvailable="true" ServiceKey="uddi:77b67a2b-b7d2-11e4-a1d3-e7b0fbac92ac" WsdlOperationName="POST__files__fileId__parents"/><Operation InterfaceName="{https://www.googleapis.com/drive/v2}Google_Drive_API.raml_PortType" ManagementState="Enabled" NumOfVirtualizedOperations="0" OperationKey="77f2e70f-b7d2-11e4-a1d3-e7b0fbac92ac" OperationLastUpdatedAt="2015-02-19T00:58:51.817Z" OperationName="POST /files/{fileId}/permissions" PolicyAvailable="true" ServiceKey="uddi:77b67a2b-b7d2-11e4-a1d3-e7b0fbac92ac" WsdlOperationName="POST__files__fileId__permissions"/><Operation InterfaceName="{https://www.googleapis.com/drive/v2}Google_Drive_API.raml_PortType" ManagementState="Enabled" NumOfVirtualizedOperations="0" OperationKey="77eeef64-b7d2-11e4-a1d3-e7b0fbac92ac" OperationLastUpdatedAt="2015-02-19T00:58:51.817Z" OperationName="POST /files/{fileId}/properties" PolicyAvailable="true" ServiceKey="uddi:77b67a2b-b7d2-11e4-a1d3-e7b0fbac92ac" WsdlOperationName="POST__files__fileId__properties"/><Operation InterfaceName="{https://www.googleapis.com/drive/v2}Google_Drive_API.raml_PortType" ManagementState="Enabled" NumOfVirtualizedOperations="0" OperationKey="77f705ce-b7d2-11e4-a1d3-e7b0fbac92ac" OperationLastUpdatedAt="2015-02-19T00:58:51.817Z" OperationName="POST /files/{fileId}/touch" PolicyAvailable="true" ServiceKey="uddi:77b67a2b-b7d2-11e4-a1d3-e7b0fbac92ac" WsdlOperationName="POST__files__fileId__touch"/><Operation InterfaceName="{https://www.googleapis.com/drive/v2}Google_Drive_API.raml_PortType" ManagementState="Enabled" NumOfVirtualizedOperations="0" OperationKey="77f5f45b-b7d2-11e4-a1d3-e7b0fbac92ac" OperationLastUpdatedAt="2015-02-19T00:58:51.817Z" OperationName="POST /files/{fileId}/trash" PolicyAvailable="true" ServiceKey="uddi:77b67a2b-b7d2-11e4-a1d3-e7b0fbac92ac" WsdlOperationName="POST__files__fileId__trash"/><Operation InterfaceName="{https://www.googleapis.com/drive/v2}Google_Drive_API.raml_PortType" ManagementState="Enabled" NumOfVirtualizedOperations="0" OperationKey="77fecd19-b7d2-11e4-a1d3-e7b0fbac92ac" OperationLastUpdatedAt="2015-02-19T00:58:51.817Z" OperationName="POST /files/{fileId}/untrash" PolicyAvailable="true" ServiceKey="uddi:77b67a2b-b7d2-11e4-a1d3-e7b0fbac92ac" WsdlOperationName="POST__files__fileId__untrash"/><Operation InterfaceName="{https://www.googleapis.com/drive/v2}Google_Drive_API.raml_PortType" ManagementState="Enabled" NumOfVirtualizedOperations="0" OperationKey="77fe30d6-b7d2-11e4-a1d3-e7b0fbac92ac" OperationLastUpdatedAt="2015-02-19T00:58:51.817Z" OperationName="POST /files/{fileId}/watch" PolicyAvailable="true" ServiceKey="uddi:77b67a2b-b7d2-11e4-a1d3-e7b0fbac92ac" WsdlOperationName="POST__files__fileId__watch"/><Operation InterfaceName="{https://www.googleapis.com/drive/v2}Google_Drive_API.raml_PortType" ManagementState="Enabled" NumOfVirtualizedOperations="0" OperationKey="7802ebd5-b7d2-11e4-a1d3-e7b0fbac92ac" OperationLastUpdatedAt="2015-02-19T00:58:51.817Z" OperationName="POST /files/{folderId}/children" PolicyAvailable="true" ServiceKey="uddi:77b67a2b-b7d2-11e4-a1d3-e7b0fbac92ac" WsdlOperationName="POST__files__folderId__children"/><Operation InterfaceName="{https://www.googleapis.com/drive/v2}Google_Drive_API.raml_PortType" ManagementState="Enabled" NumOfVirtualizedOperations="0" OperationKey="77ead0a6-b7d2-11e4-a1d3-e7b0fbac92ac" OperationLastUpdatedAt="2015-02-19T00:58:51.817Z" OperationName="PUT /files/{fileId}" PolicyAvailable="true" ServiceKey="uddi:77b67a2b-b7d2-11e4-a1d3-e7b0fbac92ac" WsdlOperationName="PUT__files__fileId_"/><Operation InterfaceName="{https://www.googleapis.com/drive/v2}Google_Drive_API.raml_PortType" ManagementState="Enabled" NumOfVirtualizedOperations="0" OperationKey="77f9eb08-b7d2-11e4-a1d3-e7b0fbac92ac" OperationLastUpdatedAt="2015-02-19T00:58:51.817Z" OperationName="PUT /files/{fileId}/comments/{commentId}" PolicyAvailable="true" ServiceKey="uddi:77b67a2b-b7d2-11e4-a1d3-e7b0fbac92ac" WsdlOperationName="PUT__files__fileId__comments__commentId_"/><Operation InterfaceName="{https://www.googleapis.com/drive/v2}Google_Drive_API.raml_PortType" ManagementState="Enabled" NumOfVirtualizedOperations="0" OperationKey="77fd9493-b7d2-11e4-a1d3-e7b0fbac92ac" OperationLastUpdatedAt="2015-02-19T00:58:51.817Z" OperationName="PUT /files/{fileId}/comments/{commentId}/replies/{replyId}" PolicyAvailable="true" ServiceKey="uddi:77b67a2b-b7d2-11e4-a1d3-e7b0fbac92ac" WsdlOperationName="PUT__files__fileId__comments__commentId__replies__replyId_"/><Operation InterfaceName="{https://www.googleapis.com/drive/v2}Google_Drive_API.raml_PortType" ManagementState="Enabled" NumOfVirtualizedOperations="0" OperationKey="77f4bbd5-b7d2-11e4-a1d3-e7b0fbac92ac" OperationLastUpdatedAt="2015-02-19T00:58:51.817Z" OperationName="PUT /files/{fileId}/permissions/{permissionId}" PolicyAvailable="true" ServiceKey="uddi:77b67a2b-b7d2-11e4-a1d3-e7b0fbac92ac" WsdlOperationName="PUT__files__fileId__permissions__permissionId_"/><Operation InterfaceName="{https://www.googleapis.com/drive/v2}Google_Drive_API.raml_PortType" ManagementState="Enabled" NumOfVirtualizedOperations="0" OperationKey="77f1877a-b7d2-11e4-a1d3-e7b0fbac92ac" OperationLastUpdatedAt="2015-02-19T00:58:51.817Z" OperationName="PUT /files/{fileId}/properties/{propertyKey}" PolicyAvailable="true" ServiceKey="uddi:77b67a2b-b7d2-11e4-a1d3-e7b0fbac92ac" WsdlOperationName="PUT__files__fileId__properties__propertyKey_"/><Operation InterfaceName="{https://www.googleapis.com/drive/v2}Google_Drive_API.raml_PortType" ManagementState="Enabled" NumOfVirtualizedOperations="0" OperationKey="7801b350-b7d2-11e4-a1d3-e7b0fbac92ac" OperationLastUpdatedAt="2015-02-19T00:58:51.817Z" OperationName="PUT /files/{fileId}/revisions/{revisionId}" PolicyAvailable="true" ServiceKey="uddi:77b67a2b-b7d2-11e4-a1d3-e7b0fbac92ac" WsdlOperationName="PUT__files__fileId__revisions__revisionId_"/></Operations></PhysicalService><ns4:businessService businessKey="uddi:de16dd10-b7c8-11e4-a1d3-e7b0fbac92ac" serviceKey="uddi:77b67a2b-b7d2-11e4-a1d3-e7b0fbac92ac"><ns4:name>Google_Drive_API</ns4:name><ns4:bindingTemplates><ns4:bindingTemplate bindingKey="uddi:785551df-b7d2-11e4-a1d3-e7b0fbac92ac" serviceKey="uddi:77b67a2b-b7d2-11e4-a1d3-e7b0fbac92ac"><ns4:accessPoint useType="endPoint">https://www.googleapis.com/drive/v2</ns4:accessPoint><ns4:tModelInstanceDetails><ns4:tModelInstanceInfo tModelKey="uddi:b5acef07-5d96-5e1c-8c46-ac622782b93d"><ns4:description>The wsdl:binding that this wsdl:port implements. The instanceParms specifies the port local name.</ns4:description><ns4:instanceDetails><ns4:instanceParms>Google_Drive_API.raml_port</ns4:instanceParms></ns4:instanceDetails></ns4:tModelInstanceInfo><ns4:tModelInstanceInfo tModelKey="uddi:f8740229-0ee7-4455-f110-e229ccd73f9b"><ns4:description>The wsdl:portType that this wsdl:port implements.</ns4:description></ns4:tModelInstanceInfo></ns4:tModelInstanceDetails><ns4:categoryBag><ns4:keyedReference keyName="WSDL type" keyValue="port" tModelKey="uddi:uddi.org:wsdl:types"/></ns4:categoryBag></ns4:bindingTemplate></ns4:bindingTemplates><ns4:categoryBag><ns4:keyedReference keyName="Design" keyValue="Design" tModelKey="uddi:soa.com:servicelifecyclestage"/><ns4:keyedReference keyName="1.0" keyValue="bfd718ca-f6dd-4092-87ed-d284547d8232" tModelKey="uddi:soa.com:serviceversion"/><ns4:keyedReference keyName="WSDL type" keyValue="service" tModelKey="uddi:uddi.org:wsdl:types"/><ns4:keyedReference keyName="service namespace" keyValue="https://www.googleapis.com/drive/v2/Hook" tModelKey="uddi:uddi.org:xml:namespace"/><ns4:keyedReference keyName="service local name" keyValue="Google_Drive_API.raml" tModelKey="uddi:uddi.org:xml:localname"/><ns4:keyedReferenceGroup tModelKey="uddi:soa.com:service:group"/></ns4:categoryBag></ns4:businessService><ns8:ExportServiceEndpoint><ns7:ServiceEndpoint><ns7:ServiceKey>uddi:77b67a2b-b7d2-11e4-a1d3-e7b0fbac92ac</ns7:ServiceKey><ns7:Name>uddi:785551df-b7d2-11e4-a1d3-e7b0fbac92ac</ns7:Name><ns7:Url>https://www.googleapis.com/drive/v2</ns7:Url><ns7:BindingQName>{https://www.googleapis.com/drive/v2}Google_Drive_API_Hook</ns7:BindingQName><ns7:PortName>Google_Drive_API.raml_port</ns7:PortName><ns7:Protocol>https</ns7:Protocol></ns7:ServiceEndpoint><ns8:EndpointWsdlUri>wsdls/uddi_785551df-b7d2-11e4-a1d3-e7b0fbac92ac.wsdl</ns8:EndpointWsdlUri></ns8:ExportServiceEndpoint></ns8:ExportService></ns8:ExportObjectConfiguration><ns8:ExportObjectConfiguration><ns2:ServiceKey><ns2:Key>uddi:aeff9d26-b7d2-11e4-a1d3-e7b0fbac92ac</ns2:Key><ns2:ServiceQName>{https://www.googleapis.com/upload/drive/v2/Hook}Google_Drive_Upload_API.raml</ns2:ServiceQName></ns2:ServiceKey><ns8:ExportService><PhysicalService BusinessKey="uddi:de16dd10-b7c8-11e4-a1d3-e7b0fbac92ac" Discovered="false" ServiceKey="uddi:aeff9d26-b7d2-11e4-a1d3-e7b0fbac92ac" WsdlServiceLocalName="Google_Drive_Upload_API.raml" WsdlTargetNamespaceUrl="https://www.googleapis.com/upload/drive/v2/Hook"><Name>Google_Drive_Upload_API</Name><Description></Description><Operations><Operation InterfaceName="{https://www.googleapis.com/upload/drive/v2}Google_Drive_Upload_API_Hook_PortType" ManagementState="Enabled" NumOfVirtualizedOperations="0" OperationKey="af27225a-b7d2-11e4-a1d3-e7b0fbac92ac" OperationLastUpdatedAt="2015-02-19T01:31:30.727Z" OperationName="POST /files" PolicyAvailable="true" ServiceKey="uddi:aeff9d26-b7d2-11e4-a1d3-e7b0fbac92ac" WsdlOperationName="POST__files"/></Operations></PhysicalService><ns4:businessService businessKey="uddi:de16dd10-b7c8-11e4-a1d3-e7b0fbac92ac" serviceKey="uddi:aeff9d26-b7d2-11e4-a1d3-e7b0fbac92ac"><ns4:name>Google_Drive_Upload_API</ns4:name><ns4:bindingTemplates><ns4:bindingTemplate bindingKey="uddi:af30712d-b7d2-11e4-a1d3-e7b0fbac92ac" serviceKey="uddi:aeff9d26-b7d2-11e4-a1d3-e7b0fbac92ac"><ns4:accessPoint useType="endPoint">https://www.googleapis.com/upload/drive/v2</ns4:accessPoint><ns4:tModelInstanceDetails><ns4:tModelInstanceInfo tModelKey="uddi:dc5a28ab-1629-fa77-0f22-8a3e9ff03bc5"><ns4:description>The wsdl:binding that this wsdl:port implements. The instanceParms specifies the port local name.</ns4:description><ns4:instanceDetails><ns4:instanceParms>Google_Drive_Upload_API.raml_port</ns4:instanceParms></ns4:instanceDetails></ns4:tModelInstanceInfo><ns4:tModelInstanceInfo tModelKey="uddi:6223269c-902f-eae4-ed9b-22d68b08528b"><ns4:description>The wsdl:portType that this wsdl:port implements.</ns4:description></ns4:tModelInstanceInfo></ns4:tModelInstanceDetails><ns4:categoryBag><ns4:keyedReference keyName="WSDL type" keyValue="port" tModelKey="uddi:uddi.org:wsdl:types"/></ns4:categoryBag></ns4:bindingTemplate></ns4:bindingTemplates><ns4:categoryBag><ns4:keyedReference keyName="Design" keyValue="Design" tModelKey="uddi:soa.com:servicelifecyclestage"/><ns4:keyedReference keyName="1.0" keyValue="a5902352-5f1f-453c-9060-53e0f0066c2e" tModelKey="uddi:soa.com:serviceversion"/><ns4:keyedReference keyName="WSDL type" keyValue="service" tModelKey="uddi:uddi.org:wsdl:types"/><ns4:keyedReference keyName="service namespace" keyValue="https://www.googleapis.com/upload/drive/v2/Hook" tModelKey="uddi:uddi.org:xml:namespace"/><ns4:keyedReference keyName="service local name" keyValue="Google_Drive_Upload_API.raml" tModelKey="uddi:uddi.org:xml:localname"/><ns4:keyedReferenceGroup tModelKey="uddi:soa.com:service:group"/></ns4:categoryBag></ns4:businessService><ns8:ExportServiceEndpoint><ns7:ServiceEndpoint><ns7:ServiceKey>uddi:aeff9d26-b7d2-11e4-a1d3-e7b0fbac92ac</ns7:ServiceKey><ns7:Name>uddi:af30712d-b7d2-11e4-a1d3-e7b0fbac92ac</ns7:Name><ns7:Url>https://www.googleapis.com/upload/drive/v2</ns7:Url><ns7:BindingQName>{https://www.googleapis.com/upload/drive/v2}Google_Drive_Upload_API_Hook_Binding</ns7:BindingQName><ns7:PortName>Google_Drive_Upload_API.raml_port</ns7:PortName><ns7:Protocol>https</ns7:Protocol></ns7:ServiceEndpoint><ns8:EndpointWsdlUri>wsdls/uddi_af30712d-b7d2-11e4-a1d3-e7b0fbac92ac.wsdl</ns8:EndpointWsdlUri></ns8:ExportServiceEndpoint></ns8:ExportService></ns8:ExportObjectConfiguration><ns8:ExportObjectConfiguration><ns2:ServiceKey><ns2:Key>uddi:1c4cd57f-b7d2-11e4-a1d3-e7b0fbac92ac</ns2:Key><ns2:ServiceQName>{https://www.googleapis.com/oauth2/v3/Hook}Google_Auth_API</ns2:ServiceQName></ns2:ServiceKey><ns8:ExportService><PhysicalService BusinessKey="uddi:de16dd10-b7c8-11e4-a1d3-e7b0fbac92ac" Discovered="false" ServiceKey="uddi:1c4cd57f-b7d2-11e4-a1d3-e7b0fbac92ac" WsdlServiceLocalName="Google_Auth_API" WsdlTargetNamespaceUrl="https://www.googleapis.com/oauth2/v3/Hook"><Name>Google_Auth_API</Name><Description></Description><Operations><Operation InterfaceName="{https://www.googleapis.com/oauth2/v3}Google_Auth_API_PortType" ManagementState="Enabled" NumOfVirtualizedOperations="0" OperationKey="1c78a073-b7d2-11e4-a1d3-e7b0fbac92ac" OperationLastUpdatedAt="2015-02-19T01:30:49.533Z" OperationName="POST /token" PolicyAvailable="true" ServiceKey="uddi:1c4cd57f-b7d2-11e4-a1d3-e7b0fbac92ac" WsdlOperationName="POST__token"/></Operations></PhysicalService><ns4:businessService businessKey="uddi:de16dd10-b7c8-11e4-a1d3-e7b0fbac92ac" serviceKey="uddi:1c4cd57f-b7d2-11e4-a1d3-e7b0fbac92ac"><ns4:name>Google_Auth_API</ns4:name><ns4:bindingTemplates><ns4:bindingTemplate bindingKey="uddi:1c80b6c6-b7d2-11e4-a1d3-e7b0fbac92ac" serviceKey="uddi:1c4cd57f-b7d2-11e4-a1d3-e7b0fbac92ac"><ns4:accessPoint useType="endPoint">https://www.googleapis.com/oauth2/v3</ns4:accessPoint><ns4:tModelInstanceDetails><ns4:tModelInstanceInfo tModelKey="uddi:45bfeba2-5852-0f9e-f587-b5135810111a"><ns4:description>The wsdl:binding that this wsdl:port implements. The instanceParms specifies the port local name.</ns4:description><ns4:instanceDetails><ns4:instanceParms>Google_Auth_API_port</ns4:instanceParms></ns4:instanceDetails></ns4:tModelInstanceInfo><ns4:tModelInstanceInfo tModelKey="uddi:1d873bff-958d-a5f4-59f7-4aacb94c8fbd"><ns4:description>The wsdl:portType that this wsdl:port implements.</ns4:description></ns4:tModelInstanceInfo></ns4:tModelInstanceDetails><ns4:categoryBag><ns4:keyedReference keyName="WSDL type" keyValue="port" tModelKey="uddi:uddi.org:wsdl:types"/></ns4:categoryBag></ns4:bindingTemplate></ns4:bindingTemplates><ns4:categoryBag><ns4:keyedReference keyName="Design" keyValue="Design" tModelKey="uddi:soa.com:servicelifecyclestage"/><ns4:keyedReference keyName="1.0" keyValue="2bd3fcd1-57d3-4e1f-b2b7-9160832202e0" tModelKey="uddi:soa.com:serviceversion"/><ns4:keyedReference keyName="WSDL type" keyValue="service" tModelKey="uddi:uddi.org:wsdl:types"/><ns4:keyedReference keyName="service namespace" keyValue="https://www.googleapis.com/oauth2/v3/Hook" tModelKey="uddi:uddi.org:xml:namespace"/><ns4:keyedReference keyName="service local name" keyValue="Google_Auth_API" tModelKey="uddi:uddi.org:xml:localname"/><ns4:keyedReferenceGroup tModelKey="uddi:soa.com:service:group"/></ns4:categoryBag></ns4:businessService><ns8:ExportServiceEndpoint><ns7:ServiceEndpoint><ns7:ServiceKey>uddi:1c4cd57f-b7d2-11e4-a1d3-e7b0fbac92ac</ns7:ServiceKey><ns7:Name>uddi:1c80b6c6-b7d2-11e4-a1d3-e7b0fbac92ac</ns7:Name><ns7:Url>https://www.googleapis.com/oauth2/v3</ns7:Url><ns7:BindingQName>{https://www.googleapis.com/oauth2/v3}Google_Auth_API_Hook_Binding</ns7:BindingQName><ns7:PortName>Google_Auth_API_port</ns7:PortName><ns7:Protocol>https</ns7:Protocol></ns7:ServiceEndpoint><ns8:EndpointWsdlUri>wsdls/uddi_1c80b6c6-b7d2-11e4-a1d3-e7b0fbac92ac.wsdl</ns8:EndpointWsdlUri></ns8:ExportServiceEndpoint></ns8:ExportService></ns8:ExportObjectConfiguration><ns8:ExportObjectConfiguration><ns2:ContractKey><ns2:Key>7d9a4000-b7d7-11e4-a1d3-e7b0fbac92ac</ns2:Key></ns2:ContractKey><ns8:ExportContract><ns11:Contract><ns11:ContractInfo Anonymous="true" Key="7d9a4000-b7d7-11e4-a1d3-e7b0fbac92ac:1111" Name="Anonymous" State="Activated"><ns11:Description></ns11:Description><ns11:ProviderOrganizationKey>uddi:de16dd10-b7c8-11e4-a1d3-e7b0fbac92ac</ns11:ProviderOrganizationKey><ns2:EffectiveDateTimes><ns2:StartDateTime><ns2:DateTime>2015-02-19T12:34:00+11:00</ns2:DateTime><ns2:TimezoneName>Australia/Sydney</ns2:TimezoneName></ns2:StartDateTime><ns2:EndDateTime><ns2:DateTime>2016-02-19T12:34:00+11:00</ns2:DateTime><ns2:TimezoneName>Australia/Sydney</ns2:TimezoneName></ns2:EndDateTime><ns2:Expire>false</ns2:Expire></ns2:EffectiveDateTimes><ns11:ContractVersionInfo><ns11:LastModifiedTimestamp>2015-02-19+11:00</ns11:LastModifiedTimestamp><ns11:User>Local Domain\administrator</ns11:User><ns11:MetadataVersion>1</ns11:MetadataVersion><ns11:ActiveMetadataVersion>1</ns11:ActiveMetadataVersion></ns11:ContractVersionInfo><ns11:ContractType>service.contract</ns11:ContractType></ns11:ContractInfo><ns11:ContractScope><ns2:OrganizationKey>uddi:de16dd10-b7c8-11e4-a1d3-e7b0fbac92ac</ns2:OrganizationKey></ns11:ContractScope></ns11:Contract></ns8:ExportContract></ns8:ExportObjectConfiguration><ns8:ExportObjectConfiguration><ns2:PolicyKey><ns2:Key>urn:uuid:cfa5eec4-b7d6-11e4-a1d3-e7b0fbac92ac</ns2:Key></ns2:PolicyKey><ns8:ExportPolicy><ns10:Policy PolicyName="Insert JWT into Downstream request"><ns10:PolicyKey>urn:uuid:cfa5eec4-b7d6-11e4-a1d3-e7b0fbac92ac</ns10:PolicyKey><ns10:OrganizationKey>uddi:de16dd10-b7c8-11e4-a1d3-e7b0fbac92ac</ns10:OrganizationKey><ns10:PolicyType>Operational Policy</ns10:PolicyType><ns10:PolicySubType>policy.xml</ns10:PolicySubType><ns10:Description></ns10:Description><ns10:ReadOnly>false</ns10:ReadOnly><ns10:LocalPolicy>false</ns10:LocalPolicy><ns10:LastUpdatedTime>2015-02-19T01:29:56.260Z</ns10:LastUpdatedTime><ns10:PolicyConfigurationAsString><ns10:Contents>&lt;![CDATA[&lt;?xml version="1.0" encoding="UTF-8"?&gt;
&lt;wsp:Policy visibility="public" xmlns:tns="http://com.soa.pso/policy/" xmlns:wsp="http://schemas.xmlsoap.org/ws/2004/09/policy"&gt;
    &lt;tns:JWTToken&gt;
    	&lt;tns:fileLocation&gt;c://API Project-d6e02d5ef2f2.p12&lt;/tns:fileLocation&gt;
    	&lt;tns:serviceAccountEmail&gt;464838240704-gjrgniev78n29hg24l5fjol42o8uspqv@developer.gserviceaccount.com&lt;/tns:serviceAccountEmail&gt;
     &lt;tns:userAccountEmail&gt;paulpog@japarasolutions.com&lt;/tns:userAccountEmail&gt;
    &lt;/tns:JWTToken&gt;
&lt;/wsp:Policy&gt;]]&gt;</ns10:Contents></ns10:PolicyConfigurationAsString></ns10:Policy></ns8:ExportPolicy></ns8:ExportObjectConfiguration><ns8:ExportObjectConfiguration><ns2:IdentityKey><ns2:Key>Local Domain\sbWcha+EXG1tmpro2PbWMA==</ns2:Key><ns2:DomainName>Local Domain</ns2:DomainName><ns2:UserName>sbWcha+EXG1tmpro2PbWMA==</ns2:UserName></ns2:IdentityKey><ns8:ExportUserIdentity><ns15:User DomainName="Local Domain" UserName="sbWcha+EXG1tmpro2PbWMA=="><ns15:FullName>Service: uddi:1c4cd57f-b7d2-11e4-a1d3-e7b0fbac92ac</ns15:FullName><ns15:IdentityKey>urn:uuid:1c4de6f0-b7d2-11e4-a1d3-e7b0fbac92ac</ns15:IdentityKey><ns15:Password>HbCknyjBYa7jFjFXh4MkDfD0A6RBhrcSg+5UDwq6pYU1gYQDHCfoAcmUYZGvJlPfDhFqxavsjYLJBYu2qv53IA==</ns15:Password><ns15:Disabled>false</ns15:Disabled><ns15:ForcePwdResetOnNextLogin>false</ns15:ForcePwdResetOnNextLogin><ns15:Expired>false</ns15:Expired><ns15:ReadOnly>true</ns15:ReadOnly><ns15:PasswordFrmSeed>0</ns15:PasswordFrmSeed><ns15:OrganizationKey>uddi:soa.com:registryorganization</ns15:OrganizationKey><ns15:PasswordSalt>yFvS0V6HySEs4ig8IOe7bAmWGjiGYHvL5lwpzuO8tzqdnPgQkCudQ8rUtypUT9eVDfMYU3Mn7Nc3VBAmxOtNSg==</ns15:PasswordSalt></ns15:User><ns8:PKIGenerated>true</ns8:PKIGenerated></ns8:ExportUserIdentity></ns8:ExportObjectConfiguration><ns8:ExportObjectConfiguration><ns2:IdentityKey><ns2:Key>Local Domain\+iM69Dc95QACXRZ4nMk8ug==</ns2:Key><ns2:DomainName>Local Domain</ns2:DomainName><ns2:UserName>+iM69Dc95QACXRZ4nMk8ug==</ns2:UserName></ns2:IdentityKey><ns8:ExportUserIdentity><ns15:User DomainName="Local Domain" UserName="+iM69Dc95QACXRZ4nMk8ug=="><ns15:FullName>Service: uddi:a9d177b8-b7dd-11e4-b67d-f5b31262a0e1</ns15:FullName><ns15:IdentityKey>urn:uuid:a9d680c9-b7dd-11e4-b67d-f5b31262a0e1</ns15:IdentityKey><ns15:Password>VM6fGdVKsxzcTkQUcDzX8Ogi8Tve/C5oAD0nqFfFw0nwx94vKsRAUug5076ZVYVIuhUyKxDQ9nbCpMo2459lPw==</ns15:Password><ns15:Disabled>false</ns15:Disabled><ns15:ForcePwdResetOnNextLogin>false</ns15:ForcePwdResetOnNextLogin><ns15:Expired>false</ns15:Expired><ns15:ReadOnly>true</ns15:ReadOnly><ns15:PasswordFrmSeed>0</ns15:PasswordFrmSeed><ns15:OrganizationKey>uddi:soa.com:registryorganization</ns15:OrganizationKey><ns15:PasswordSalt>l8G118BpQxjmLpdhoUiBbs0fBzTsUZwdRnSo1Zkn6Z2jfcAlvmyDxgWzyrX0UGSAtleoxrJsLbUyNVt5cKnXig==</ns15:PasswordSalt></ns15:User><ns8:PKIGenerated>true</ns8:PKIGenerated></ns8:ExportUserIdentity></ns8:ExportObjectConfiguration><ns8:ExportObjectConfiguration><ns2:IdentityKey><ns2:Key>Local Domain\8S35jOfvH4mJ0eoH8YcC5g==</ns2:Key><ns2:DomainName>Local Domain</ns2:DomainName><ns2:UserName>8S35jOfvH4mJ0eoH8YcC5g==</ns2:UserName></ns2:IdentityKey><ns8:ExportUserIdentity><ns15:User DomainName="Local Domain" UserName="8S35jOfvH4mJ0eoH8YcC5g=="><ns15:FullName>Service: uddi:77b67a2b-b7d2-11e4-a1d3-e7b0fbac92ac</ns15:FullName><ns15:IdentityKey>urn:uuid:77b78b9c-b7d2-11e4-a1d3-e7b0fbac92ac</ns15:IdentityKey><ns15:Password>81+FgKL2v44wKARPL6MEYOUwtBMLM9jzBJe3MwSkgBSqajZAWqN/uGtJWMm7ScGoi12SLvx/lm9PMfac0s0E6w==</ns15:Password><ns15:Disabled>false</ns15:Disabled><ns15:ForcePwdResetOnNextLogin>false</ns15:ForcePwdResetOnNextLogin><ns15:Expired>false</ns15:Expired><ns15:ReadOnly>true</ns15:ReadOnly><ns15:PasswordFrmSeed>0</ns15:PasswordFrmSeed><ns15:OrganizationKey>uddi:soa.com:registryorganization</ns15:OrganizationKey><ns15:PasswordSalt>WIrdfZWw4Xuz3p4H1soHYmW/T7OSHa2M0n9qd/PtogBzFgWxrn2ift+nnbq76yinnJxSLfth28QFKNz9RQosIw==</ns15:PasswordSalt></ns15:User><ns8:PKIGenerated>true</ns8:PKIGenerated></ns8:ExportUserIdentity></ns8:ExportObjectConfiguration><ns8:ExportObjectConfiguration><ns2:IdentityKey><ns2:Key>Local Domain\1QGAAN6jjRsulXK9p+PzcQ==</ns2:Key><ns2:DomainName>Local Domain</ns2:DomainName><ns2:UserName>1QGAAN6jjRsulXK9p+PzcQ==</ns2:UserName></ns2:IdentityKey><ns8:ExportUserIdentity><ns15:User DomainName="Local Domain" UserName="1QGAAN6jjRsulXK9p+PzcQ=="><ns15:FullName>Service: uddi:aeff9d26-b7d2-11e4-a1d3-e7b0fbac92ac</ns15:FullName><ns15:IdentityKey>urn:uuid:af00ae97-b7d2-11e4-a1d3-e7b0fbac92ac</ns15:IdentityKey><ns15:Password>G1AApPvGVc6ZWrNM7nxdkmgqGFn1lisegRftsv3wc7lL5a4oP/PeQda3+98zn4Pkq8D9nFrnMD4pXx53iIV+Yg==</ns15:Password><ns15:Disabled>false</ns15:Disabled><ns15:ForcePwdResetOnNextLogin>false</ns15:ForcePwdResetOnNextLogin><ns15:Expired>false</ns15:Expired><ns15:ReadOnly>true</ns15:ReadOnly><ns15:PasswordFrmSeed>0</ns15:PasswordFrmSeed><ns15:OrganizationKey>uddi:soa.com:registryorganization</ns15:OrganizationKey><ns15:PasswordSalt>GPNYS/JxQBIwd39oDtUq+PHEgGGDBfrxe+pX6PZ+hLjf6zoBswYkiWK1zLiAqUOsPsuUJeWeWHEgUixiKLNcyg==</ns15:PasswordSalt></ns15:User><ns8:PKIGenerated>true</ns8:PKIGenerated></ns8:ExportUserIdentity></ns8:ExportObjectConfiguration></ns8:ExportConfiguration>