<?xml version="1.0" encoding="UTF-8"?>
<ActivityGraph xmlns="http://soa.com/uri/products/activity/graph/xsd/1.0"><PositionElements><Position ActivityName="ConfigureSmartyStreet"><XPosition>120</XPosition><YPosition>50</YPosition></Position><Position ActivityName="ValidateAddress"><XPosition>270</XPosition><YPosition>50</YPosition></Position><Position ActivityName="Branch1"><XPosition>280</XPosition><YPosition>180</YPosition></Position><Position ActivityName="ConfigureMailGunValidate"><XPosition>270</XPosition><YPosition>290</YPosition></Position><Position ActivityName="ValidateEmail"><XPosition>430</XPosition><YPosition>290</YPosition></Position><Position ActivityName="Branch2"><XPosition>440</XPosition><YPosition>410</YPosition></Position><Position ActivityName="PostLeadToSF"><XPosition>430</XPosition><YPosition>550</YPosition></Position><Position ActivityName="AddToEmailList"><XPosition>570</XPosition><YPosition>550</YPosition></Position><Position ActivityName="AddToGoogleLeads"><XPosition>710</XPosition><YPosition>550</YPosition></Position><Position ActivityName="InsertSuccess"><XPosition>850</XPosition><YPosition>550</YPosition></Position><Position ActivityName="PostInvalidEmailtoMongo"><XPosition>580</XPosition><YPosition>410</YPosition></Position><Position ActivityName="SetInvalidEmailMsg"><XPosition>740</XPosition><YPosition>410</YPosition></Position><Position ActivityName="Process1"><XPosition>420</XPosition><YPosition>180</YPosition></Position><Position ActivityName="SetInvalidAddressMsg"><XPosition>570</XPosition><YPosition>180</YPosition></Position></PositionElements></ActivityGraph>