<?xml version="1.0" encoding="UTF-8"?>
<process name="SalesForceOAuth" ns11:description="configures and makes POST to Google to upload the file and store the result" ns11:name="UploadFileToGoogle" ns11:orgKey="uddi:de16dd10-b7c8-11e4-a1d3-e7b0fbac92ac" ns2:processKey="bpel:e89f3e97-b7c8-11e4-a1d3-e7b0fbac92ac" targetNamespace="http://soa.com/processs" xmlns="http://schemas.xmlsoap.org/ws/2003/03/business-process/" xmlns:ns10="http://soa.com/capabilities/service/virtualization/bpel/activity" xmlns:ns11="http://soa.com/bpel/export" xmlns:ns2="http://soa.com/bpel/ext" xmlns:ns3="http://soa.com/capabilities/service/virtualization/bpel" xmlns:ns4="http://schemas.xmlsoap.org/ws/2006/02/addressingidentity" xmlns:ns5="http://www.w3.org/2000/09/xmldsig#" xmlns:ns6="http://docs.oasis-open.org/wss/2004/01/oasis-200401-wss-wssecurity-secext-1.0.xsd" xmlns:ns7="http://docs.oasis-open.org/wss/2004/01/oasis-200401-wss-wssecurity-utility-1.0.xsd" xmlns:ns8="http://schemas.xmlsoap.org/ws/2004/09/mex" xmlns:ns9="http://schemas.xmlsoap.org/ws/2003/05/partner-link/"><ns9:partnerLinkType name="ActivityPortTypeConsumer"><ns9:role name="Consumer"><ns9:portType name="ns10:ActivityPortType"/></ns9:role></ns9:partnerLinkType><ns10:Activities><ns10:Activity ActivityType="ns12:ScriptedActivity" LastUpdated="1425619631568" Name="AppendToTempFile" xmlns:ns12="http://soa.com/uri/products/activity/script/xsd/1.0"><ns2:ScriptedActivity xmlns="http://soa.com/uri/products/activity/audit/xsd/1.0" xmlns:ns11="http://soa.com/uri/products/activity/script/xsd/1.0" xmlns:ns2="http://soa.com/uri/products/activity/script/xsd/1.0" xmlns:ns3="http://soa.com/uri/products/activity/stripxml/xsd/1.0" xmlns:ns4="http://soa.com/uri/products/activity/xform/xsd/1.0" xmlns:ns5="http://soa.com/uri/products/activity/process/xsd/1.0" xmlns:ns6="http://soa.com/uri/products/activity/insertxml/xsd/1.0" xmlns:ns7="http://soa.com/uri/products/activity/insertcontent/xsd/1.0" xmlns:ns8="http://docs.oasis-open.org/wss/2004/01/oasis-200401-wss-wssecurity-utility-1.0.xsd"><ns11:Language>js</ns11:Language><ns11:Script>importClass(java.io.File);
importClass(java.io.FileOutputStream);
importClass(java.io.PrintStream);

auditLog.debug("apending to existing file");
var lead = String(processContext.getVariable("Lead"));
auditLog.debug("the lead details are: " + lead);
var f = new java.io.File("leads.txt"); 
	// create new file in the system
   f.createNewFile();
        if (f.exists()) {
            auditLog.debug("File exists");
			   // returns absolute pathname
         	var path = f.getAbsolutePath();
			   var out = new java.io.FileOutputStream(f,false);
            var prt = new java.io.PrintStream(out);
            prt.println(lead);
            prt.close();
			  	out.close();
			  auditLog.debug("Finished appending to File");
			  auditLog.debug("the file is at: " + path);
			  processContext.setVariable("path", path);
        } else {
            auditLog.debug("File does not exist");
        } </ns11:Script></ns2:ScriptedActivity></ns10:Activity><ns10:Activity ActivityType="ns12:ScriptedActivity" LastUpdated="1425619631568" Name="ReadFileBackForUpload" xmlns:ns12="http://soa.com/uri/products/activity/script/xsd/1.0"><ns2:ScriptedActivity xmlns="http://soa.com/uri/products/activity/audit/xsd/1.0" xmlns:ns11="http://soa.com/uri/products/activity/script/xsd/1.0" xmlns:ns2="http://soa.com/uri/products/activity/script/xsd/1.0" xmlns:ns3="http://soa.com/uri/products/activity/stripxml/xsd/1.0" xmlns:ns4="http://soa.com/uri/products/activity/xform/xsd/1.0" xmlns:ns5="http://soa.com/uri/products/activity/process/xsd/1.0" xmlns:ns6="http://soa.com/uri/products/activity/insertxml/xsd/1.0" xmlns:ns7="http://soa.com/uri/products/activity/insertcontent/xsd/1.0"><ns11:Language>js</ns11:Language><ns11:Script>importClass(java.io.FileInputStream);
importClass(java.io.InputStreamReader);
importClass(java.io.BufferedReader);

auditLog.debug("starting the read of the file");

var iStream = new java.io.InputStreamReader(new java.io.FileInputStream(new java.lang.String(path)));
var br = new java.io.BufferedReader(iStream);
var ready = br.ready();
var file =  "";
while (ready) {
	file = file + br.readLine();
	ready = br.ready();
};
br.close();
iStream.close();

auditLog.debug(path+" contents are: "+file);

processContext.setVariable("FileContent", file);

auditLog.debug("finished the read of the file");</ns11:Script></ns2:ScriptedActivity></ns10:Activity><ns10:Activity ActivityType="ns12:ScriptedActivity" LastUpdated="1425619631568" Name="ConfigMsg" xmlns:ns12="http://soa.com/uri/products/activity/script/xsd/1.0"><ns2:ScriptedActivity xmlns="http://soa.com/uri/products/activity/audit/xsd/1.0" xmlns:ns11="http://soa.com/uri/products/activity/script/xsd/1.0" xmlns:ns2="http://soa.com/uri/products/activity/script/xsd/1.0" xmlns:ns3="http://soa.com/uri/products/activity/stripxml/xsd/1.0" xmlns:ns4="http://soa.com/uri/products/activity/xform/xsd/1.0" xmlns:ns5="http://soa.com/uri/products/activity/process/xsd/1.0" xmlns:ns6="http://soa.com/uri/products/activity/insertxml/xsd/1.0" xmlns:ns7="http://soa.com/uri/products/activity/insertcontent/xsd/1.0" xmlns:ns8="http://docs.oasis-open.org/wss/2004/01/oasis-200401-wss-wssecurity-utility-1.0.xsd"><ns11:Language>js</ns11:Language><ns11:Script>auditLog.debug("Start Config Post Google Docs Lead");

//Create new message for invoke
var fileUpload = msgFactory.create();

//set auth for box
headers = fileUpload.createTransportHeaders();
//headers.add("Authorization", "Bearer " + processContext.getVariable("Bearer"));

var boundary=Math.random().toString().substr(2);
var multiHeader = "multipart/related; charset=utf-8; boundary=" + boundary;
headers.add("Content-Type", multiHeader);

var body = new java.lang.String("--" + boundary);
body += "\r\nContent-Type: application/json; charset=UTF-8\r\n";
var fileMetadata = new java.lang.String("{\"kind\": \"drive#file\",\"title\":\"leads.txt\",\"mimeType\": \"text/plain\",\"description\": \"leads posted to Salesforce\",\"parents\": [{\"kind\": \"drive#fileLink\",\"id\":\""+ processContext.getVariable("FolderID") +"\"}]}");
//\"parents\": ["+ processContext.getVariable("Parent") 
body += "\r\n"+fileMetadata+"\r\n"
body += "\r\n--" + boundary;
/*body += "\r\nContent-Disposition: form-data; name=\"folder_id\"";
body += "\r\n\r\n" + processContext.getVariable("FolderID");
body += "\r\n--" + boundary;
body += "\r\nContent-Disposition: form-data; name=\"filename\"\; filename=\"leads.txt\"";*/
body += "\r\nContent-Type: application/octet-stream\r\n";

var file = new java.lang.String(FileContent.toString());
body += "\r\n" + file+"\r\n";
body += "\r\n--" + boundary+"--\r\n";

lngth = new java.lang.String(body.length());
auditLog.debug("content length is: "+lngth);
headers.add("Content-Length", lngth);
fileUpload.setTransportHeaders(headers);

auditLog.debug("retreived file content is: "+file);

auditLog.debug("the request body is: "+body);

fileUpload.setStringContent(body);

processContext.setVariable("FileUpload", fileUpload);

auditLog.debug("Done Configuring Create Post Google Docs Lead");
</ns11:Script></ns2:ScriptedActivity></ns10:Activity></ns10:Activities><ns9:partnerLinkType name="SalesforceAuthentication_PortTypeConsumer"><ns9:role name="Consumer"><ns9:portType name="ns12:SalesforceAuthentication_PortType" xmlns:ns12="https://login.salesforce.com/services/oauth2"/></ns9:role></ns9:partnerLinkType><ns9:partnerLinkType name="SalesforceV20_API_PortTypeConsumer"><ns9:role name="Consumer"><ns9:portType name="ns12:SalesforceV20_API_PortType" xmlns:ns12="https://na4.salesforce.com/services/data/v20.0/"/></ns9:role></ns9:partnerLinkType><ns9:partnerLinkType name="Box_Content_API_PortTypeConsumer"><ns9:role name="Consumer"><ns9:portType name="ns12:Box_Content_API_PortType" xmlns:ns12="https://api.box.com/2.0"/></ns9:role></ns9:partnerLinkType><ns9:partnerLinkType name="Box_Upload_API_PortTypeConsumer"><ns9:role name="Consumer"><ns9:portType name="ns12:Box_Upload_API_PortType" xmlns:ns12="https://upload.box.com/api/2.0/"/></ns9:role></ns9:partnerLinkType><ns9:partnerLinkType name="Google_Drive_Upload_API.raml_PortTypeConsumer"><ns9:role name="Consumer"><ns9:portType name="ns12:Google_Drive_Upload_API.raml_PortType" xmlns:ns12="https://www.googleapis.com/upload/drive/v2"/></ns9:role></ns9:partnerLinkType><ns9:partnerLinkType name="Google_Drive_Upload_API_PortTypeConsumer"><ns9:role name="Consumer"><ns9:portType name="ns12:Google_Drive_Upload_API_PortType" xmlns:ns12="https://www.googleapis.com/upload/drive/v2"/></ns9:role></ns9:partnerLinkType><ns9:partnerLinkType name="Google_Drive_API.raml_PortTypeConsumer"><ns9:role name="Consumer"><ns9:portType name="ns12:Google_Drive_API.raml_PortType" xmlns:ns12="https://www.googleapis.com/drive/v2"/></ns9:role></ns9:partnerLinkType><partnerLinks><partnerLink myRole="Consumer" name="Activity" partnerLinkType="ns12:ActivityPortTypeConsumer" xmlns:ns12="http://soa.com/processs"/><partnerLink myRole="Consumer" name="SalesforceAuthentication_PortTypePartnerLink" partnerLinkType="ns12:SalesforceAuthentication_PortTypeConsumer" xmlns:ns12="http://soa.com/processs"/><partnerLink myRole="Consumer" name="SalesforceV20_API_PortTypePartnerLink" partnerLinkType="ns12:SalesforceV20_API_PortTypeConsumer" xmlns:ns12="http://soa.com/processs"/><partnerLink myRole="Consumer" name="Box_Content_API_PortTypePartnerLink" partnerLinkType="ns12:Box_Content_API_PortTypeConsumer" xmlns:ns12="http://soa.com/processs"/><partnerLink myRole="Consumer" name="Box_Upload_API_PortTypePartnerLink" partnerLinkType="ns12:Box_Upload_API_PortTypeConsumer" xmlns:ns12="http://soa.com/processs"/><partnerLink myRole="Consumer" name="Google_Drive_Upload_API.raml_PortTypePartnerLink" partnerLinkType="ns12:Google_Drive_Upload_API.raml_PortTypeConsumer" xmlns:ns12="http://soa.com/processs"/><partnerLink myRole="Consumer" name="Google_Drive_Upload_API_PortTypePartnerLink" partnerLinkType="ns12:Google_Drive_Upload_API_PortTypeConsumer" xmlns:ns12="http://soa.com/processs"/><partnerLink myRole="Consumer" name="Google_Drive_API.raml_PortTypePartnerLink" partnerLinkType="ns12:Google_Drive_API.raml_PortTypeConsumer" xmlns:ns12="http://soa.com/processs"/></partnerLinks><variables><variable messageType="ns12:ActivityMessage" name="message" xmlns:ns12="http://soa.com/process/activity"/><variable messageType="ns12:ActivityMessage" name="fault" xmlns:ns12="http://soa.com/process/activity"/><variable defaultValue="" name="Bearer" type="xs:string" xmlns:xs="http://www.w3.org/2001/XMLSchema"/><variable defaultValue="" name="path" type="xs:string" xmlns:xs="http://www.w3.org/2001/XMLSchema"/><variable messageType="ns12:ActivityMessage" name="FileUpload" xmlns:ns12="http://soa.com/process/activity"/><variable messageType="ns12:ActivityMessage" name="FileUploadResult" xmlns:ns12="http://soa.com/process/activity"/><variable defaultValue="" name="FolderID" type="xs:string" xmlns:xs="http://www.w3.org/2001/XMLSchema"/><variable defaultValue="" name="Status" type="xs:string" xmlns:xs="http://www.w3.org/2001/XMLSchema"/><variable name="FileContent" type="xs:any" xmlns:xs="http://www.w3.org/2001/XMLSchema"/></variables><sequence><invoke inputVariable="message" name="AppendToTempFile" operation="invoke" outputVariable="message" partnerLink="Activity" portType="ns10:ActivityPortType"><ns2:InvocationExt endpoint="AppendToTempFile" propagateExchange="true" service="ns10:ActivityService"/></invoke><invoke inputVariable="message" name="ReadFileBackForUpload" operation="invoke" outputVariable="message" partnerLink="Activity" portType="ns10:ActivityPortType"><ns2:InvocationExt endpoint="ReadFileBackForUpload" propagateExchange="true" service="ns10:ActivityService"/></invoke><invoke inputVariable="message" name="ConfigMsg" operation="invoke" outputVariable="message" partnerLink="Activity" portType="ns10:ActivityPortType"><ns2:InvocationExt endpoint="ConfigMsg" propagateExchange="true" service="ns10:ActivityService"/></invoke><invoke inputVariable="FileUpload" name="PostLeadToGoogle" operation="POST__files" outputVariable="FileUploadResult" partnerLink="Google_Drive_API.raml_PortTypePartnerLink" portType="ns12:Google_Drive_API.raml_PortType" xmlns:ns12="https://www.googleapis.com/drive/v2"><ns2:InvocationExt service="ns13:Google_Drive_API.raml_vs0" xmlns:ns13="https://www.googleapis.com/drive/v2/Hook"><ns2:Audit/></ns2:InvocationExt></invoke></sequence></process>