<?xml version="1.0" encoding="UTF-8"?>
<process name="PUT__file" ns2:processKey="bpel:f9ec0fa7-b7dd-11e4-b67d-f5b31262a0e1" targetNamespace="https://soa.com" xmlns="http://schemas.xmlsoap.org/ws/2003/03/business-process/" xmlns:ns10="http://soa.com/capabilities/service/virtualization/bpel/activity" xmlns:ns2="http://soa.com/bpel/ext" xmlns:ns3="http://soa.com/capabilities/service/virtualization/bpel" xmlns:ns4="http://schemas.xmlsoap.org/ws/2004/09/mex" xmlns:ns5="http://schemas.xmlsoap.org/ws/2006/02/addressingidentity" xmlns:ns6="http://www.w3.org/2000/09/xmldsig#" xmlns:ns7="http://docs.oasis-open.org/wss/2004/01/oasis-200401-wss-wssecurity-secext-1.0.xsd" xmlns:ns8="http://docs.oasis-open.org/wss/2004/01/oasis-200401-wss-wssecurity-utility-1.0.xsd" xmlns:ns9="http://schemas.xmlsoap.org/ws/2003/05/partner-link/"><ns9:partnerLinkType name="Google_Drive_Hook_PortTypeProvider"><ns9:role name="Provider"><ns9:portType name="ns11:Google_Drive_Hook_PortType" xmlns:ns11="https://soa.com"/></ns9:role></ns9:partnerLinkType><ns9:partnerLinkType name="ActivityPortTypeConsumer"><ns9:role name="Consumer"><ns9:portType name="ns10:ActivityPortType"/></ns9:role></ns9:partnerLinkType><ns10:Activities><ns10:Activity ActivityType="ns11:ProcessActivity" LastUpdated="1424312473639" Name="MainProcess" xmlns:ns11="http://soa.com/uri/products/activity/process/xsd/1.0"><ns5:ProcessActivity xmlns="http://soa.com/uri/products/activity/audit/xsd/1.0" xmlns:ns2="http://soa.com/uri/products/activity/script/xsd/1.0" xmlns:ns3="http://soa.com/uri/products/activity/stripxml/xsd/1.0" xmlns:ns4="http://soa.com/uri/products/activity/xform/xsd/1.0" xmlns:ns5="http://soa.com/uri/products/activity/process/xsd/1.0" xmlns:ns6="http://soa.com/uri/products/activity/insertxml/xsd/1.0" xmlns:ns7="http://soa.com/uri/products/activity/insertcontent/xsd/1.0"><ns5:ProcessID>bpel:576ecbfb-b264-11e4-9d14-dc40c838bd18</ns5:ProcessID></ns5:ProcessActivity></ns10:Activity></ns10:Activities><partnerLinks><partnerLink myRole="Google_Drive_Hook_PortType" name="initial" partnerLinkType="ns11:Google_Drive_Hook_PortTypeProvider" xmlns:ns11="https://soa.com"/><partnerLink myRole="Consumer" name="Activity" partnerLinkType="ns11:ActivityPortTypeConsumer" xmlns:ns11="https://soa.com"/></partnerLinks><variables><variable messageType="ns11:ActivityMessage" name="message" xmlns:ns11="http://soa.com/process/activity"/><variable messageType="ns11:ActivityMessage" name="fault" xmlns:ns11="http://soa.com/process/activity"/></variables><faultHandlers><catchAll><sequence><reply faultName="ns2:ExistingFault" name="FaultReply" operation="PUT__file" partnerLink="initial" portType="ns11:Google_Drive_Hook_PortType" variable="fault" xmlns:ns11="https://soa.com"/></sequence></catchAll></faultHandlers><sequence><receive createInstance="yes" name="Receive" operation="PUT__file" partnerLink="initial" portType="ns11:Google_Drive_Hook_PortType" variable="message" xmlns:ns11="https://soa.com"/><invoke inputVariable="message" name="MainProcess" operation="invoke" outputVariable="message" partnerLink="Activity" portType="ns10:ActivityPortType"><ns2:InvocationExt endpoint="MainProcess" propagateExchange="true" service="ns10:ActivityService"/></invoke><reply name="Reply" operation="PUT__file" partnerLink="initial" portType="ns11:Google_Drive_Hook_PortType" variable="message" xmlns:ns11="https://soa.com"/></sequence></process>