<?xml version="1.0" encoding="UTF-8"?>
<process name="TrialLeadsMain" ns11:description="" ns11:name="TrialLeadsMain" ns11:orgKey="uddi:9adb52b6-b649-11e4-9c29-d6275be28ced" ns2:processKey="bpel:8035265e-b6ff-11e4-a1d3-e7b0fbac92ac" targetNamespace="http://soa.com/processs" xmlns="http://schemas.xmlsoap.org/ws/2003/03/business-process/" xmlns:ns10="http://soa.com/capabilities/service/virtualization/bpel/activity" xmlns:ns11="http://soa.com/bpel/export" xmlns:ns2="http://soa.com/bpel/ext" xmlns:ns3="http://soa.com/capabilities/service/virtualization/bpel" xmlns:ns4="http://schemas.xmlsoap.org/ws/2006/02/addressingidentity" xmlns:ns5="http://www.w3.org/2000/09/xmldsig#" xmlns:ns6="http://docs.oasis-open.org/wss/2004/01/oasis-200401-wss-wssecurity-secext-1.0.xsd" xmlns:ns7="http://docs.oasis-open.org/wss/2004/01/oasis-200401-wss-wssecurity-utility-1.0.xsd" xmlns:ns8="http://schemas.xmlsoap.org/ws/2004/09/mex" xmlns:ns9="http://schemas.xmlsoap.org/ws/2003/05/partner-link/"><ns9:partnerLinkType name="ActivityPortTypeConsumer"><ns9:role name="Consumer"><ns9:portType name="ns10:ActivityPortType"/></ns9:role></ns9:partnerLinkType><ns10:Activities><ns10:Activity ActivityType="ns12:ScriptedActivity" LastUpdated="1424142403323" Name="ConfigureSmartyStreet" xmlns:ns12="http://soa.com/uri/products/activity/script/xsd/1.0"><ns2:ScriptedActivity xmlns="http://soa.com/uri/products/activity/audit/xsd/1.0" xmlns:ns11="http://soa.com/uri/products/activity/script/xsd/1.0" xmlns:ns2="http://soa.com/uri/products/activity/script/xsd/1.0" xmlns:ns3="http://soa.com/uri/products/activity/stripxml/xsd/1.0" xmlns:ns4="http://soa.com/uri/products/activity/xform/xsd/1.0" xmlns:ns5="http://soa.com/uri/products/activity/process/xsd/1.0" xmlns:ns6="http://soa.com/uri/products/activity/insertxml/xsd/1.0" xmlns:ns7="http://soa.com/uri/products/activity/insertcontent/xsd/1.0"><ns11:Language>js</ns11:Language><ns11:Script>importClass(com.digev.fw.log.Log);

var log = com.digev.fw.log.Log.getLog("PostLeadToBox");


log.debug("Start Configure SmartStreet");

//Create message for invoke
var smartmessage =  msgFactory.create("application/json");

//Get current message
var msg = processContext.getVariable("message");


//Set Authentication For invoke
var newQueryString ="auth-id=5b8191ce-dad7-4b0f-bdda-70234ea1c773&amp;auth-token=dj7iq9FFGQhfpMoXqcAu";
//var newQueryString ="auth-id=6723aa52-979e-4408-a39e-0faf5982c10b&amp;auth-token=UbPFazbCOZ7TOt3LdMcV";
smartmessage.setProperty("com.soa.message.TRANSPORT_QUERY", newQueryString)


//Set request body
var msgJSON = JSON.parse(msg.getContentAsString());
var lead='[{"street":"' + msgJSON.Street +'", "city": "' + msgJSON.City+'", "state": "'+msgJSON.State+'","zipcode": "'+ msgJSON.PostalCode+'","candidates": 10}]';

smartmessage.setStringContent(lead);


//set input message variable
processContext.setVariable("smartInput", smartmessage);

//store the lead details
log.debug("lead is: " +  msg.getContentAsString());
processContext.setVariable("lead", msg.getContentAsString());

log.debug("End Conifgure Smart Street");</ns11:Script></ns2:ScriptedActivity></ns10:Activity><ns10:Activity ActivityType="ns12:ScriptedActivity" LastUpdated="1424142403324" Name="ConfigureMailGunValidate" xmlns:ns12="http://soa.com/uri/products/activity/script/xsd/1.0"><ns2:ScriptedActivity xmlns="http://soa.com/uri/products/activity/audit/xsd/1.0" xmlns:ns11="http://soa.com/uri/products/activity/script/xsd/1.0" xmlns:ns2="http://soa.com/uri/products/activity/script/xsd/1.0" xmlns:ns3="http://soa.com/uri/products/activity/stripxml/xsd/1.0" xmlns:ns4="http://soa.com/uri/products/activity/xform/xsd/1.0" xmlns:ns5="http://soa.com/uri/products/activity/process/xsd/1.0" xmlns:ns6="http://soa.com/uri/products/activity/insertxml/xsd/1.0" xmlns:ns7="http://soa.com/uri/products/activity/insertcontent/xsd/1.0"><ns11:Language>js</ns11:Language><ns11:Script>auditLog.debug("Configure MailGun");

//Create the message for invoke
var validateEmailMessage = msgFactory.create("application/json");

//Get info out of current message to build query string
var msg= processContext.getVariable("message");
var msgJSON = JSON.parse(msg.getContentAsString());
var newQueryString = "address="+ msgJSON.Email + "&amp;api_key=pubkey-e2c7d7ffa55c378b43d980edf11b7591";

//Set new query string
validateEmailMessage.setProperty("com.soa.message.TRANSPORT_QUERY", newQueryString.toString())

//Set variable to next invokation
processContext.setVariable("validateEmailIn", validateEmailMessage);
</ns11:Script></ns2:ScriptedActivity></ns10:Activity><ns10:Activity ActivityType="ns12:ProcessActivity" LastUpdated="1424142403324" Name="PostLeadToSF" xmlns:ns12="http://soa.com/uri/products/activity/process/xsd/1.0"><ns5:ProcessActivity xmlns="http://soa.com/uri/products/activity/audit/xsd/1.0" xmlns:ns11="http://soa.com/uri/products/activity/process/xsd/1.0" xmlns:ns2="http://soa.com/uri/products/activity/script/xsd/1.0" xmlns:ns3="http://soa.com/uri/products/activity/stripxml/xsd/1.0" xmlns:ns4="http://soa.com/uri/products/activity/xform/xsd/1.0" xmlns:ns5="http://soa.com/uri/products/activity/process/xsd/1.0" xmlns:ns6="http://soa.com/uri/products/activity/insertxml/xsd/1.0" xmlns:ns7="http://soa.com/uri/products/activity/insertcontent/xsd/1.0"><ns11:ProcessID>bpel:40dffc52-b64f-11e4-9c29-d6275be28ced</ns11:ProcessID></ns5:ProcessActivity></ns10:Activity><ns10:Activity ActivityType="ns12:ProcessActivity" LastUpdated="1424142403324" Name="AddToEmailList" xmlns:ns12="http://soa.com/uri/products/activity/process/xsd/1.0"><ns5:ProcessActivity xmlns="http://soa.com/uri/products/activity/audit/xsd/1.0" xmlns:ns11="http://soa.com/uri/products/activity/process/xsd/1.0" xmlns:ns2="http://soa.com/uri/products/activity/script/xsd/1.0" xmlns:ns3="http://soa.com/uri/products/activity/stripxml/xsd/1.0" xmlns:ns4="http://soa.com/uri/products/activity/xform/xsd/1.0" xmlns:ns5="http://soa.com/uri/products/activity/process/xsd/1.0" xmlns:ns6="http://soa.com/uri/products/activity/insertxml/xsd/1.0" xmlns:ns7="http://soa.com/uri/products/activity/insertcontent/xsd/1.0"><ns11:ProcessID>bpel:27e5a30b-b64f-11e4-9c29-d6275be28ced</ns11:ProcessID></ns5:ProcessActivity></ns10:Activity><ns10:Activity ActivityType="ns12:ProcessActivity" LastUpdated="1424142403324" Name="AddToGoogleLeads" xmlns:ns12="http://soa.com/uri/products/activity/process/xsd/1.0"><ns5:ProcessActivity xmlns="http://soa.com/uri/products/activity/audit/xsd/1.0" xmlns:ns11="http://soa.com/uri/products/activity/process/xsd/1.0" xmlns:ns2="http://soa.com/uri/products/activity/script/xsd/1.0" xmlns:ns3="http://soa.com/uri/products/activity/stripxml/xsd/1.0" xmlns:ns4="http://soa.com/uri/products/activity/xform/xsd/1.0" xmlns:ns5="http://soa.com/uri/products/activity/process/xsd/1.0" xmlns:ns6="http://soa.com/uri/products/activity/insertxml/xsd/1.0" xmlns:ns7="http://soa.com/uri/products/activity/insertcontent/xsd/1.0"><ns11:ProcessID>bpel:576ecbfb-b264-11e4-9d14-dc40c838bd18</ns11:ProcessID></ns5:ProcessActivity></ns10:Activity><ns10:Activity ActivityType="ns12:ScriptedActivity" LastUpdated="1424142403324" Name="InsertSuccess" xmlns:ns12="http://soa.com/uri/products/activity/script/xsd/1.0"><ns2:ScriptedActivity xmlns="http://soa.com/uri/products/activity/audit/xsd/1.0" xmlns:ns11="http://soa.com/uri/products/activity/script/xsd/1.0" xmlns:ns2="http://soa.com/uri/products/activity/script/xsd/1.0" xmlns:ns3="http://soa.com/uri/products/activity/stripxml/xsd/1.0" xmlns:ns4="http://soa.com/uri/products/activity/xform/xsd/1.0" xmlns:ns5="http://soa.com/uri/products/activity/process/xsd/1.0" xmlns:ns6="http://soa.com/uri/products/activity/insertxml/xsd/1.0" xmlns:ns7="http://soa.com/uri/products/activity/insertcontent/xsd/1.0"><ns11:Language>js</ns11:Language><ns11:Script>var msg = processContext.getVariable("message");


var content = '{"salesForceStatus":"Success", "MailGunStatus":"Success", "Box":"Success"}';

var msgJSON = JSON.parse(msg.getContentAsString());

msgJSON.SignUpStatus = JSON.parse(content);


msg.setStringContent(JSON.stringify(msgJSON));
</ns11:Script></ns2:ScriptedActivity></ns10:Activity><ns10:Activity ActivityType="ns12:ProcessActivity" LastUpdated="1424142403324" Name="PostInvalidEmailtoMongo" xmlns:ns12="http://soa.com/uri/products/activity/process/xsd/1.0"><ns5:ProcessActivity xmlns="http://soa.com/uri/products/activity/audit/xsd/1.0" xmlns:ns11="http://soa.com/uri/products/activity/process/xsd/1.0" xmlns:ns2="http://soa.com/uri/products/activity/script/xsd/1.0" xmlns:ns3="http://soa.com/uri/products/activity/stripxml/xsd/1.0" xmlns:ns4="http://soa.com/uri/products/activity/xform/xsd/1.0" xmlns:ns5="http://soa.com/uri/products/activity/process/xsd/1.0" xmlns:ns6="http://soa.com/uri/products/activity/insertxml/xsd/1.0" xmlns:ns7="http://soa.com/uri/products/activity/insertcontent/xsd/1.0"><ns11:ProcessID>bpel:fc42fc59-b64e-11e4-9c29-d6275be28ced</ns11:ProcessID></ns5:ProcessActivity></ns10:Activity><ns10:Activity ActivityType="ns12:InsertContentActivity" LastUpdated="1424142403324" Name="SetInvalidEmailMsg" xmlns:ns12="http://soa.com/uri/products/activity/insertcontent/xsd/1.0"><ns7:InsertContentActivity xmlns="http://soa.com/uri/products/activity/audit/xsd/1.0" xmlns:ns11="http://soa.com/uri/products/activity/insertcontent/xsd/1.0" xmlns:ns2="http://soa.com/uri/products/activity/script/xsd/1.0" xmlns:ns3="http://soa.com/uri/products/activity/stripxml/xsd/1.0" xmlns:ns4="http://soa.com/uri/products/activity/xform/xsd/1.0" xmlns:ns5="http://soa.com/uri/products/activity/process/xsd/1.0" xmlns:ns6="http://soa.com/uri/products/activity/insertxml/xsd/1.0" xmlns:ns7="http://soa.com/uri/products/activity/insertcontent/xsd/1.0"><ns11:From><ns11:Variable name="message"/></ns11:From><ns11:To><ns11:Variable name="message"/></ns11:To></ns7:InsertContentActivity></ns10:Activity><ns10:Activity ActivityType="ns12:ProcessActivity" LastUpdated="1424142403324" Name="Process1" xmlns:ns12="http://soa.com/uri/products/activity/process/xsd/1.0"><ns5:ProcessActivity xmlns="http://soa.com/uri/products/activity/audit/xsd/1.0" xmlns:ns11="http://soa.com/uri/products/activity/process/xsd/1.0" xmlns:ns2="http://soa.com/uri/products/activity/script/xsd/1.0" xmlns:ns3="http://soa.com/uri/products/activity/stripxml/xsd/1.0" xmlns:ns4="http://soa.com/uri/products/activity/xform/xsd/1.0" xmlns:ns5="http://soa.com/uri/products/activity/process/xsd/1.0" xmlns:ns6="http://soa.com/uri/products/activity/insertxml/xsd/1.0" xmlns:ns7="http://soa.com/uri/products/activity/insertcontent/xsd/1.0"><ns11:ProcessID>bpel:576ecbfb-b264-11e4-9d14-dc40c838bd18</ns11:ProcessID></ns5:ProcessActivity></ns10:Activity><ns10:Activity ActivityType="ns12:InsertContentActivity" LastUpdated="1424142403325" Name="SetInvalidAddressMsg" xmlns:ns12="http://soa.com/uri/products/activity/insertcontent/xsd/1.0"><ns7:InsertContentActivity xmlns="http://soa.com/uri/products/activity/audit/xsd/1.0" xmlns:ns11="http://soa.com/uri/products/activity/insertcontent/xsd/1.0" xmlns:ns2="http://soa.com/uri/products/activity/script/xsd/1.0" xmlns:ns3="http://soa.com/uri/products/activity/stripxml/xsd/1.0" xmlns:ns4="http://soa.com/uri/products/activity/xform/xsd/1.0" xmlns:ns5="http://soa.com/uri/products/activity/process/xsd/1.0" xmlns:ns6="http://soa.com/uri/products/activity/insertxml/xsd/1.0" xmlns:ns7="http://soa.com/uri/products/activity/insertcontent/xsd/1.0"><ns11:From><ns11:StaticContent>{"status":"failed", "error":"Your Address is not valid.  Please correct"}</ns11:StaticContent><ns11:ContentType>application/json</ns11:ContentType></ns11:From><ns11:To><ns11:Variable name="errorMessage"><ns11:JSONPath>$</ns11:JSONPath></ns11:Variable><ns11:Action>replace</ns11:Action></ns11:To><ns11:NSPrefixes/></ns7:InsertContentActivity></ns10:Activity></ns10:Activities><ns9:partnerLinkType name="SmartyStreets_API_PortTypeConsumer"><ns9:role name="Consumer"><ns9:portType name="ns12:SmartyStreets_API_PortType" xmlns:ns12="https://api.smartystreets.com"/></ns9:role></ns9:partnerLinkType><ns9:partnerLinkType name="MailGun_API_PortTypeConsumer"><ns9:role name="Consumer"><ns9:portType name="ns12:MailGun_API_PortType" xmlns:ns12="https://api.mailgun.net/v2"/></ns9:role></ns9:partnerLinkType><partnerLinks><partnerLink myRole="Consumer" name="Activity" partnerLinkType="ns12:ActivityPortTypeConsumer" xmlns:ns12="http://soa.com/processs"/><partnerLink myRole="Consumer" name="SmartyStreets_API_PortTypePartnerLink" partnerLinkType="ns12:SmartyStreets_API_PortTypeConsumer" xmlns:ns12="http://soa.com/processs"/><partnerLink myRole="Consumer" name="MailGun_API_PortTypePartnerLink" partnerLinkType="ns12:MailGun_API_PortTypeConsumer" xmlns:ns12="http://soa.com/processs"/></partnerLinks><variables><variable messageType="ns12:ActivityMessage" name="message" xmlns:ns12="http://soa.com/process/activity"/><variable messageType="ns12:ActivityMessage" name="fault" xmlns:ns12="http://soa.com/process/activity"/><variable messageType="ns12:ActivityMessage" name="smartInput" xmlns:ns12="http://soa.com/process/activity"/><variable messageType="ns12:ActivityMessage" name="validationOutput" xmlns:ns12="http://soa.com/process/activity"/><variable messageType="ns12:ActivityMessage" name="errorMessage" xmlns:ns12="http://soa.com/process/activity"/><variable messageType="ns12:ActivityMessage" name="validateEmailIn" xmlns:ns12="http://soa.com/process/activity"/><variable messageType="ns12:ActivityMessage" name="validateEmailOut" xmlns:ns12="http://soa.com/process/activity"/></variables><sequence><invoke inputVariable="message" name="ConfigureSmartyStreet" operation="invoke" outputVariable="message" partnerLink="Activity" portType="ns10:ActivityPortType"><ns2:InvocationExt endpoint="ConfigureSmartyStreet" propagateExchange="true" service="ns10:ActivityService"/></invoke><invoke inputVariable="smartInput" name="ValidateAddress" operation="POST__street-address" outputVariable="validationOutput" partnerLink="SmartyStreets_API_PortTypePartnerLink" portType="ns12:SmartyStreets_API_PortType" xmlns:ns12="https://api.smartystreets.com"><ns2:InvocationExt service="ns12:SmartyStreets_API"><ns2:Audit/></ns2:InvocationExt></invoke><switch name="Branch1" ns2:expressionLanguage="js"><case condition="&lt;?xml version=&quot;1.0&quot; encoding=&quot;UTF-8&quot; standalone=&quot;yes&quot;?>&lt;Script xmlns=&quot;http://soa.com/capabilities/service/scripting&quot;>&lt;Language>js&lt;/Language>&lt;Source>auditLog.debug(&quot;Validating Address&quot;);&#xa;var msg = processContext.getVariable(&quot;validationOutput&quot;);&#xa;var content = msg.getContentAsString();&#xa;//auditLog.debug(&quot;Content =&quot; + content);&#xa;var number = content.indexOf(&quot;components&quot;);&#xa;//auditLog.debug(&quot;number is &quot; + number);&#xa;number &amp;gt; 3; &lt;/Source>&lt;/Script>" ns2:inputVariable="" ns2:label="valid"><sequence><invoke inputVariable="message" name="ConfigureMailGunValidate" operation="invoke" outputVariable="message" partnerLink="Activity" portType="ns10:ActivityPortType"><ns2:InvocationExt endpoint="ConfigureMailGunValidate" propagateExchange="true" service="ns10:ActivityService"/></invoke><invoke inputVariable="validateEmailIn" name="ValidateEmail" operation="GET__address_validate" outputVariable="validateEmailOut" partnerLink="MailGun_API_PortTypePartnerLink" portType="ns12:MailGun_API_PortType" xmlns:ns12="https://api.mailgun.net/v2"><ns2:InvocationExt service="ns12:MailGun_API"><ns2:Audit/></ns2:InvocationExt></invoke><switch name="Branch2" ns2:expressionLanguage="js"><case condition="&lt;?xml version=&quot;1.0&quot; encoding=&quot;UTF-8&quot; standalone=&quot;yes&quot;?>&lt;Script xmlns=&quot;http://soa.com/capabilities/service/scripting&quot;>&lt;Language>js&lt;/Language>&lt;Source>var msg = processContext.getVariable(&quot;validateEmailOut&quot;);&#xa;auditLog.debug(&quot;Got results &quot; + msg.getContentAsString());&#xa;var msgJSON = JSON.parse(msg.getContentAsString());&#xa;msgJSON.is_valid;&lt;/Source>&lt;/Script>" ns2:inputVariable="" ns2:label="valid"><sequence><invoke inputVariable="message" name="PostLeadToSF" operation="invoke" outputVariable="message" partnerLink="Activity" portType="ns10:ActivityPortType"><ns2:InvocationExt endpoint="PostLeadToSF" propagateExchange="true" service="ns10:ActivityService"/></invoke><invoke inputVariable="message" name="AddToEmailList" operation="invoke" outputVariable="message" partnerLink="Activity" portType="ns10:ActivityPortType"><ns2:InvocationExt endpoint="AddToEmailList" propagateExchange="true" service="ns10:ActivityService"/></invoke><invoke inputVariable="message" name="AddToGoogleLeads" operation="invoke" outputVariable="message" partnerLink="Activity" portType="ns10:ActivityPortType"><ns2:InvocationExt endpoint="AddToGoogleLeads" propagateExchange="true" service="ns10:ActivityService"/></invoke><invoke inputVariable="message" name="InsertSuccess" operation="invoke" outputVariable="message" partnerLink="Activity" portType="ns10:ActivityPortType"><ns2:InvocationExt endpoint="InsertSuccess" propagateExchange="true" service="ns10:ActivityService"/></invoke></sequence></case><otherwise><sequence><invoke inputVariable="message" name="PostInvalidEmailtoMongo" operation="invoke" outputVariable="message" partnerLink="Activity" portType="ns10:ActivityPortType"><ns2:InvocationExt endpoint="PostInvalidEmailtoMongo" propagateExchange="true" service="ns10:ActivityService"/></invoke><invoke inputVariable="message" name="SetInvalidEmailMsg" operation="invoke" outputVariable="message" partnerLink="Activity" portType="ns10:ActivityPortType"><ns2:InvocationExt endpoint="SetInvalidEmailMsg" propagateExchange="true" service="ns10:ActivityService"/></invoke></sequence></otherwise></switch></sequence></case><otherwise><sequence><invoke inputVariable="message" name="Process1" operation="invoke" outputVariable="message" partnerLink="Activity" portType="ns10:ActivityPortType"><ns2:InvocationExt endpoint="Process1" propagateExchange="true" service="ns10:ActivityService"/></invoke><invoke inputVariable="message" name="SetInvalidAddressMsg" operation="invoke" outputVariable="message" partnerLink="Activity" portType="ns10:ActivityPortType"><ns2:InvocationExt endpoint="SetInvalidAddressMsg" propagateExchange="true" service="ns10:ActivityService"/></invoke></sequence></otherwise></switch></sequence></process>