<?xml version="1.0" encoding="UTF-8"?>
<ActivityGraph xmlns="http://soa.com/uri/products/activity/graph/xsd/1.0"><PositionElements><Position ActivityName="SaveInputJSON"><XPosition>200</XPosition><YPosition>120</YPosition></Position><Position ActivityName="CreateGoogleFolderRequest"><XPosition>360</XPosition><YPosition>120</YPosition></Position><Position ActivityName="CreateGoogleFolder"><XPosition>500</XPosition><YPosition>120</YPosition></Position><Position ActivityName="SaveCreateResult"><XPosition>610</XPosition><YPosition>120</YPosition></Position><Position ActivityName="Branch2"><XPosition>720</XPosition><YPosition>120</YPosition></Position><Position ActivityName="UploadLeadFile"><XPosition>810</XPosition><YPosition>70</YPosition></Position><Position ActivityName="CreateSuccessMessage"><XPosition>930</XPosition><YPosition>70</YPosition></Position><Position ActivityName="FolderCreationFailed"><XPosition>810</XPosition><YPosition>170</YPosition></Position></PositionElements></ActivityGraph>