<?xml version="1.0" encoding="UTF-8"?>
<process name="SalesForceOAuth" ns11:description="stores the lead as a word file in Google docs " ns11:name="PostLeadToGoogleDocs" ns11:orgKey="uddi:9adb52b6-b649-11e4-9c29-d6275be28ced" ns2:processKey="bpel:576ecbfb-b264-11e4-9d14-dc40c838bd18" targetNamespace="http://soa.com/processs" xmlns="http://schemas.xmlsoap.org/ws/2003/03/business-process/" xmlns:ns10="http://soa.com/capabilities/service/virtualization/bpel/activity" xmlns:ns11="http://soa.com/bpel/export" xmlns:ns2="http://soa.com/bpel/ext" xmlns:ns3="http://soa.com/capabilities/service/virtualization/bpel" xmlns:ns4="http://schemas.xmlsoap.org/ws/2006/02/addressingidentity" xmlns:ns5="http://www.w3.org/2000/09/xmldsig#" xmlns:ns6="http://docs.oasis-open.org/wss/2004/01/oasis-200401-wss-wssecurity-secext-1.0.xsd" xmlns:ns7="http://docs.oasis-open.org/wss/2004/01/oasis-200401-wss-wssecurity-utility-1.0.xsd" xmlns:ns8="http://schemas.xmlsoap.org/ws/2004/09/mex" xmlns:ns9="http://schemas.xmlsoap.org/ws/2003/05/partner-link/"><ns9:partnerLinkType name="ActivityPortTypeConsumer"><ns9:role name="Consumer"><ns9:portType name="ns10:ActivityPortType"/></ns9:role></ns9:partnerLinkType><ns10:Activities><ns10:Activity ActivityType="ns12:ProcessActivity" LastUpdated="1423798078328" Name="GetAuthToken" xmlns:ns12="http://soa.com/uri/products/activity/process/xsd/1.0"><ns5:ProcessActivity xmlns="http://soa.com/uri/products/activity/audit/xsd/1.0" xmlns:ns11="http://soa.com/uri/products/activity/process/xsd/1.0" xmlns:ns2="http://soa.com/uri/products/activity/script/xsd/1.0" xmlns:ns3="http://soa.com/uri/products/activity/stripxml/xsd/1.0" xmlns:ns4="http://soa.com/uri/products/activity/xform/xsd/1.0" xmlns:ns5="http://soa.com/uri/products/activity/process/xsd/1.0" xmlns:ns6="http://soa.com/uri/products/activity/insertxml/xsd/1.0" xmlns:ns7="http://soa.com/uri/products/activity/insertcontent/xsd/1.0" xmlns:ns8="http://docs.oasis-open.org/wss/2004/01/oasis-200401-wss-wssecurity-utility-1.0.xsd"><ns11:ProcessID>bpel:916513c3-a5ed-11e4-b69f-e2b8365dcc19</ns11:ProcessID></ns5:ProcessActivity></ns10:Activity><ns10:Activity ActivityType="ns12:ScriptedActivity" LastUpdated="1423798078328" Name="Create Search Request" xmlns:ns12="http://soa.com/uri/products/activity/script/xsd/1.0"><ns2:ScriptedActivity xmlns="http://soa.com/uri/products/activity/audit/xsd/1.0" xmlns:ns11="http://soa.com/uri/products/activity/script/xsd/1.0" xmlns:ns2="http://soa.com/uri/products/activity/script/xsd/1.0" xmlns:ns3="http://soa.com/uri/products/activity/stripxml/xsd/1.0" xmlns:ns4="http://soa.com/uri/products/activity/xform/xsd/1.0" xmlns:ns5="http://soa.com/uri/products/activity/process/xsd/1.0" xmlns:ns6="http://soa.com/uri/products/activity/insertxml/xsd/1.0" xmlns:ns7="http://soa.com/uri/products/activity/insertcontent/xsd/1.0" xmlns:ns8="http://docs.oasis-open.org/wss/2004/01/oasis-200401-wss-wssecurity-utility-1.0.xsd"><ns11:Language>js</ns11:Language><ns11:Script>auditLog.debug("Start Config Google folders list call");

var listRequest = msgFactory.create();

//set auth for box
headers = listRequest.createTransportHeaders();
headers.add("Authorization", "Bearer " + processContext.getVariable("Bearer"));

//set the visability and protection URL parms
var paraprop = new java.util.HashMap();
var query = "title = 'API' and mimeType = 'application/vnd.google-apps.folder'"
paraprop.put("q", query);
//paraprop.put("corpus", "DOMAIN");
listRequest.setProperty("http.binding.path.params", paraprop);

processContext.setVariable("ListRequest", listRequest);

auditLog.debug("Done Configuring Google List folders call");</ns11:Script></ns2:ScriptedActivity></ns10:Activity><ns10:Activity ActivityType="ns12:ScriptedActivity" LastUpdated="1423798078328" Name="Save Search Result" xmlns:ns12="http://soa.com/uri/products/activity/script/xsd/1.0"><ns2:ScriptedActivity xmlns="http://soa.com/uri/products/activity/audit/xsd/1.0" xmlns:ns11="http://soa.com/uri/products/activity/script/xsd/1.0" xmlns:ns2="http://soa.com/uri/products/activity/script/xsd/1.0" xmlns:ns3="http://soa.com/uri/products/activity/stripxml/xsd/1.0" xmlns:ns4="http://soa.com/uri/products/activity/xform/xsd/1.0" xmlns:ns5="http://soa.com/uri/products/activity/process/xsd/1.0" xmlns:ns6="http://soa.com/uri/products/activity/insertxml/xsd/1.0" xmlns:ns7="http://soa.com/uri/products/activity/insertcontent/xsd/1.0" xmlns:ns8="http://docs.oasis-open.org/wss/2004/01/oasis-200401-wss-wssecurity-utility-1.0.xsd"><ns11:Language>js</ns11:Language><ns11:Script>var msg = processContext.getVariable("ListResponse");

auditLog.debug("processing the Google Docs Search result");

var msgJSON = JSON.parse(msg.getContentAsString());

if (msgJSON.items[0].id != undefined) {
	auditLog.debug("the id was = " + msgJSON.items[0].id);
	var entryID = msgJSON.items[0].id.toString();
	processContext.setVariable("FolderID", entryID);
	var parent = JSON.stringify(msgJSON.items[0]);
	processContext.setVariable("Parent", parent);
	auditLog.debug("the parent is = " + parent);				
	var IDlgth = 0;
}
else {
	processContext.setVariable("FolderID", "0");
}

auditLog.debug("the result was = " + JSON.stringify(msgJSON));

</ns11:Script></ns2:ScriptedActivity></ns10:Activity><ns10:Activity ActivityType="ns12:ScriptedActivity" LastUpdated="1423798078328" Name="ConfigFileSearch" xmlns:ns12="http://soa.com/uri/products/activity/script/xsd/1.0"><ns2:ScriptedActivity xmlns="http://soa.com/uri/products/activity/audit/xsd/1.0" xmlns:ns11="http://soa.com/uri/products/activity/script/xsd/1.0" xmlns:ns2="http://soa.com/uri/products/activity/script/xsd/1.0" xmlns:ns3="http://soa.com/uri/products/activity/stripxml/xsd/1.0" xmlns:ns4="http://soa.com/uri/products/activity/xform/xsd/1.0" xmlns:ns5="http://soa.com/uri/products/activity/process/xsd/1.0" xmlns:ns6="http://soa.com/uri/products/activity/insertxml/xsd/1.0" xmlns:ns7="http://soa.com/uri/products/activity/insertcontent/xsd/1.0" xmlns:ns8="http://docs.oasis-open.org/wss/2004/01/oasis-200401-wss-wssecurity-utility-1.0.xsd"><ns11:Language>js</ns11:Language><ns11:Script>auditLog.debug("Start Config Google docs list call");

var listRequest = msgFactory.create();

//set auth for box
headers = listRequest.createTransportHeaders();
headers.add("Authorization", "Bearer " + processContext.getVariable("Bearer"));

//set the visability and protection URL parms
var paraprop = new java.util.HashMap();
var query = "title = 'leads.txt'"
paraprop.put("q", query);
//paraprop.put("corpus", "DOMAIN");
listRequest.setProperty("http.binding.path.params", paraprop);

processContext.setVariable("ListRequest", listRequest);

auditLog.debug("Done Configuring Google List docs call");</ns11:Script></ns2:ScriptedActivity></ns10:Activity><ns10:Activity ActivityType="ns12:ScriptedActivity" LastUpdated="1423798078328" Name="SaveResult" xmlns:ns12="http://soa.com/uri/products/activity/script/xsd/1.0"><ns2:ScriptedActivity xmlns="http://soa.com/uri/products/activity/audit/xsd/1.0" xmlns:ns11="http://soa.com/uri/products/activity/script/xsd/1.0" xmlns:ns2="http://soa.com/uri/products/activity/script/xsd/1.0" xmlns:ns3="http://soa.com/uri/products/activity/stripxml/xsd/1.0" xmlns:ns4="http://soa.com/uri/products/activity/xform/xsd/1.0" xmlns:ns5="http://soa.com/uri/products/activity/process/xsd/1.0" xmlns:ns6="http://soa.com/uri/products/activity/insertxml/xsd/1.0" xmlns:ns7="http://soa.com/uri/products/activity/insertcontent/xsd/1.0" xmlns:ns8="http://docs.oasis-open.org/wss/2004/01/oasis-200401-wss-wssecurity-utility-1.0.xsd"><ns11:Language>js</ns11:Language><ns11:Script>var msg = processContext.getVariable("ListResponse");

auditLog.debug("processing the Google Docs Search result");

var msgJSON = JSON.parse(msg.getContentAsString());

if (msgJSON.items[0] != undefined) {
	auditLog.debug("the id was = " + msgJSON.items[0].id);
	var entryID = msgJSON.items[0].id.toString();
	processContext.setVariable("FileID", entryID);
	var IDlgth = 0;
}
else {
	processContext.setVariable("FileID", "0");
}

auditLog.debug("the result was = " + msgJSON.toString());</ns11:Script></ns2:ScriptedActivity></ns10:Activity><ns10:Activity ActivityType="ns12:ProcessActivity" LastUpdated="1423798078328" Name="UploadLeadFile" xmlns:ns12="http://soa.com/uri/products/activity/process/xsd/1.0"><ns5:ProcessActivity xmlns="http://soa.com/uri/products/activity/audit/xsd/1.0" xmlns:ns11="http://soa.com/uri/products/activity/process/xsd/1.0" xmlns:ns2="http://soa.com/uri/products/activity/script/xsd/1.0" xmlns:ns3="http://soa.com/uri/products/activity/stripxml/xsd/1.0" xmlns:ns4="http://soa.com/uri/products/activity/xform/xsd/1.0" xmlns:ns5="http://soa.com/uri/products/activity/process/xsd/1.0" xmlns:ns6="http://soa.com/uri/products/activity/insertxml/xsd/1.0" xmlns:ns7="http://soa.com/uri/products/activity/insertcontent/xsd/1.0" xmlns:ns8="http://docs.oasis-open.org/wss/2004/01/oasis-200401-wss-wssecurity-utility-1.0.xsd"><ns11:ProcessID>bpel:6fe96dde-b264-11e4-9d14-dc40c838bd18</ns11:ProcessID></ns5:ProcessActivity></ns10:Activity><ns10:Activity ActivityType="ns12:ScriptedActivity" LastUpdated="1423798078329" Name="configureDelete" xmlns:ns12="http://soa.com/uri/products/activity/script/xsd/1.0"><ns2:ScriptedActivity xmlns="http://soa.com/uri/products/activity/audit/xsd/1.0" xmlns:ns11="http://soa.com/uri/products/activity/script/xsd/1.0" xmlns:ns2="http://soa.com/uri/products/activity/script/xsd/1.0" xmlns:ns3="http://soa.com/uri/products/activity/stripxml/xsd/1.0" xmlns:ns4="http://soa.com/uri/products/activity/xform/xsd/1.0" xmlns:ns5="http://soa.com/uri/products/activity/process/xsd/1.0" xmlns:ns6="http://soa.com/uri/products/activity/insertxml/xsd/1.0" xmlns:ns7="http://soa.com/uri/products/activity/insertcontent/xsd/1.0" xmlns:ns8="http://docs.oasis-open.org/wss/2004/01/oasis-200401-wss-wssecurity-utility-1.0.xsd"><ns11:Language>js</ns11:Language><ns11:Script>auditLog.debug("Creating Google Doce File Delete");

//Set Bearer token for Box Call (headers1 has is do avoid name clashes in other scripts)
var fileDelete = msgFactory.create();
headers1 = fileDelete.createTransportHeaders();
headers1.add("Authorization", "Bearer " + processContext.getVariable("Bearer"));
fileDelete.setTransportHeaders(headers1);

//Set the URL 'id' Property
var paraprop = new java.util.HashMap();
paraprop.put("fileId", processContext.getVariable("FileID"));
fileDelete.setProperty("http.binding.path.params", paraprop);
							

//Set boxSearch process variable
processContext.setVariable("FileDelete",fileDelete);

auditLog.debug("Finished Google Doce File Delete");</ns11:Script></ns2:ScriptedActivity></ns10:Activity><ns10:Activity ActivityType="ns12:ScriptedActivity" LastUpdated="1423798078329" Name="SaveDeleteResult" xmlns:ns12="http://soa.com/uri/products/activity/script/xsd/1.0"><ns2:ScriptedActivity xmlns="http://soa.com/uri/products/activity/audit/xsd/1.0" xmlns:ns11="http://soa.com/uri/products/activity/script/xsd/1.0" xmlns:ns2="http://soa.com/uri/products/activity/script/xsd/1.0" xmlns:ns3="http://soa.com/uri/products/activity/stripxml/xsd/1.0" xmlns:ns4="http://soa.com/uri/products/activity/xform/xsd/1.0" xmlns:ns5="http://soa.com/uri/products/activity/process/xsd/1.0" xmlns:ns6="http://soa.com/uri/products/activity/insertxml/xsd/1.0" xmlns:ns7="http://soa.com/uri/products/activity/insertcontent/xsd/1.0" xmlns:ns8="http://docs.oasis-open.org/wss/2004/01/oasis-200401-wss-wssecurity-utility-1.0.xsd"><ns11:Language>js</ns11:Language><ns11:Script>var msg = processContext.getVariable("FileDeleteResult");

auditLog.debug("processing the Goole Docs File Delete result");

var status = msg.getProperty("http.status.code.property")
processContext.setVariable("Status", status);</ns11:Script></ns2:ScriptedActivity></ns10:Activity><ns10:Activity ActivityType="ns12:ProcessActivity" LastUpdated="1423798078329" Name="UploadLeadFile3" xmlns:ns12="http://soa.com/uri/products/activity/process/xsd/1.0"><ns5:ProcessActivity xmlns="http://soa.com/uri/products/activity/audit/xsd/1.0" xmlns:ns11="http://soa.com/uri/products/activity/process/xsd/1.0" xmlns:ns2="http://soa.com/uri/products/activity/script/xsd/1.0" xmlns:ns3="http://soa.com/uri/products/activity/stripxml/xsd/1.0" xmlns:ns4="http://soa.com/uri/products/activity/xform/xsd/1.0" xmlns:ns5="http://soa.com/uri/products/activity/process/xsd/1.0" xmlns:ns6="http://soa.com/uri/products/activity/insertxml/xsd/1.0" xmlns:ns7="http://soa.com/uri/products/activity/insertcontent/xsd/1.0" xmlns:ns8="http://docs.oasis-open.org/wss/2004/01/oasis-200401-wss-wssecurity-utility-1.0.xsd"><ns11:ProcessID>bpel:6fe96dde-b264-11e4-9d14-dc40c838bd18</ns11:ProcessID></ns5:ProcessActivity></ns10:Activity><ns10:Activity ActivityType="ns12:ScriptedActivity" LastUpdated="1423798078329" Name="end" xmlns:ns12="http://soa.com/uri/products/activity/script/xsd/1.0"><ns2:ScriptedActivity xmlns="http://soa.com/uri/products/activity/audit/xsd/1.0" xmlns:ns11="http://soa.com/uri/products/activity/script/xsd/1.0" xmlns:ns2="http://soa.com/uri/products/activity/script/xsd/1.0" xmlns:ns3="http://soa.com/uri/products/activity/stripxml/xsd/1.0" xmlns:ns4="http://soa.com/uri/products/activity/xform/xsd/1.0" xmlns:ns5="http://soa.com/uri/products/activity/process/xsd/1.0" xmlns:ns6="http://soa.com/uri/products/activity/insertxml/xsd/1.0" xmlns:ns7="http://soa.com/uri/products/activity/insertcontent/xsd/1.0"/></ns10:Activity><ns10:Activity ActivityType="ns12:ScriptedActivity" LastUpdated="1423798078329" Name="Create the Box Folder Request" xmlns:ns12="http://soa.com/uri/products/activity/script/xsd/1.0"><ns2:ScriptedActivity xmlns="http://soa.com/uri/products/activity/audit/xsd/1.0" xmlns:ns11="http://soa.com/uri/products/activity/script/xsd/1.0" xmlns:ns2="http://soa.com/uri/products/activity/script/xsd/1.0" xmlns:ns3="http://soa.com/uri/products/activity/stripxml/xsd/1.0" xmlns:ns4="http://soa.com/uri/products/activity/xform/xsd/1.0" xmlns:ns5="http://soa.com/uri/products/activity/process/xsd/1.0" xmlns:ns6="http://soa.com/uri/products/activity/insertxml/xsd/1.0" xmlns:ns7="http://soa.com/uri/products/activity/insertcontent/xsd/1.0"><ns11:Language>js</ns11:Language><ns11:Script>auditLog.debug("Start Config Create DropBox Folder");

var msg= processContext.getVariable("message");
var msgJSON = JSON.parse(msg.getContentAsString());

auditLog.debug("Configure Create DropBox Folder");

//Create new message for invoke
var boxMessage = msgFactory.create();

var body = "{\"name\":\"lead\", " + "\"parent\":{\"id\":\"0\"}}\r\n";
boxMessage.setStringContent(body);

//set auth for box
headers = boxMessage.createTransportHeaders();
headers.add("Authorization", "Bearer " + processContext.getVariable("Bearer"));
boxMessage.setTransportHeaders(headers);


processContext.setVariable("AddFolder", boxMessage);

auditLog.debug("Done Configuring Create DropBox Folder");
</ns11:Script></ns2:ScriptedActivity></ns10:Activity><ns10:Activity ActivityType="ns12:ScriptedActivity" LastUpdated="1423798078329" Name="Save Create Result" xmlns:ns12="http://soa.com/uri/products/activity/script/xsd/1.0"><ns2:ScriptedActivity xmlns="http://soa.com/uri/products/activity/audit/xsd/1.0" xmlns:ns11="http://soa.com/uri/products/activity/script/xsd/1.0" xmlns:ns2="http://soa.com/uri/products/activity/script/xsd/1.0" xmlns:ns3="http://soa.com/uri/products/activity/stripxml/xsd/1.0" xmlns:ns4="http://soa.com/uri/products/activity/xform/xsd/1.0" xmlns:ns5="http://soa.com/uri/products/activity/process/xsd/1.0" xmlns:ns6="http://soa.com/uri/products/activity/insertxml/xsd/1.0" xmlns:ns7="http://soa.com/uri/products/activity/insertcontent/xsd/1.0"><ns11:Language>js</ns11:Language><ns11:Script>var msg = processContext.getVariable("AddFolderResult");

auditLog.debug("processing the Box Create folder result");

var msgJSON = JSON.parse(msg.getContentAsString());
var ID = msgJSON.id.toString();

auditLog.debug("the result was = " + ID);

processContext.setVariable("FolderID", ID);
processContext.setVariable("IDLength", ID.length);
var IDlgth = 0;
IDlgth = processContext.getVariable("IDLength");
auditLog.debug("the id length is = " + IDlgth);</ns11:Script></ns2:ScriptedActivity></ns10:Activity><ns10:Activity ActivityType="ns12:ProcessActivity" LastUpdated="1423798078330" Name="UploadLeadFile2" xmlns:ns12="http://soa.com/uri/products/activity/process/xsd/1.0"><ns5:ProcessActivity xmlns="http://soa.com/uri/products/activity/audit/xsd/1.0" xmlns:ns11="http://soa.com/uri/products/activity/process/xsd/1.0" xmlns:ns2="http://soa.com/uri/products/activity/script/xsd/1.0" xmlns:ns3="http://soa.com/uri/products/activity/stripxml/xsd/1.0" xmlns:ns4="http://soa.com/uri/products/activity/xform/xsd/1.0" xmlns:ns5="http://soa.com/uri/products/activity/process/xsd/1.0" xmlns:ns6="http://soa.com/uri/products/activity/insertxml/xsd/1.0" xmlns:ns7="http://soa.com/uri/products/activity/insertcontent/xsd/1.0" xmlns:ns8="http://docs.oasis-open.org/wss/2004/01/oasis-200401-wss-wssecurity-utility-1.0.xsd"><ns11:ProcessID>bpel:6fe96dde-b264-11e4-9d14-dc40c838bd18</ns11:ProcessID></ns5:ProcessActivity></ns10:Activity><ns10:Activity ActivityType="ns12:ScriptedActivity" LastUpdated="1423798078330" Name="FileCreationFailed" xmlns:ns12="http://soa.com/uri/products/activity/script/xsd/1.0"><ns2:ScriptedActivity xmlns="http://soa.com/uri/products/activity/audit/xsd/1.0" xmlns:ns11="http://soa.com/uri/products/activity/script/xsd/1.0" xmlns:ns2="http://soa.com/uri/products/activity/script/xsd/1.0" xmlns:ns3="http://soa.com/uri/products/activity/stripxml/xsd/1.0" xmlns:ns4="http://soa.com/uri/products/activity/xform/xsd/1.0" xmlns:ns5="http://soa.com/uri/products/activity/process/xsd/1.0" xmlns:ns6="http://soa.com/uri/products/activity/insertxml/xsd/1.0" xmlns:ns7="http://soa.com/uri/products/activity/insertcontent/xsd/1.0"><ns11:Language>js</ns11:Language><ns11:Script>//var msg = processContext.getVariable("message");
//var salesmsg = processContext.getVariable("BoxOutput");

auditLog.debug("the file creation failed");

//var msgJSON = JSON.parse(msg.getContentAsString());
//var salesmsgJSON = JSON.parse(salesmsg.getContentAsString());

//log.debug("This is SalesForceID = " + salesmsgJSON.id);

//msgJSON.SalesForceId = salesmsgJSON.id;
//var newMessageContent = JSON.stringify(salesmsgJSON)
//log.debug("HERE IS MSG = " + newMessageContent);

//msg.setStringContent(newMessageContent);
//processContext.setVariable("message", msg);</ns11:Script></ns2:ScriptedActivity></ns10:Activity><ns10:Activity ActivityType="ns12:ScriptedActivity" LastUpdated="1423798078330" Name="return" xmlns:ns12="http://soa.com/uri/products/activity/script/xsd/1.0"><ns2:ScriptedActivity xmlns="http://soa.com/uri/products/activity/audit/xsd/1.0" xmlns:ns11="http://soa.com/uri/products/activity/script/xsd/1.0" xmlns:ns2="http://soa.com/uri/products/activity/script/xsd/1.0" xmlns:ns3="http://soa.com/uri/products/activity/stripxml/xsd/1.0" xmlns:ns4="http://soa.com/uri/products/activity/xform/xsd/1.0" xmlns:ns5="http://soa.com/uri/products/activity/process/xsd/1.0" xmlns:ns6="http://soa.com/uri/products/activity/insertxml/xsd/1.0" xmlns:ns7="http://soa.com/uri/products/activity/insertcontent/xsd/1.0" xmlns:ns8="http://docs.oasis-open.org/wss/2004/01/oasis-200401-wss-wssecurity-utility-1.0.xsd"/></ns10:Activity></ns10:Activities><ns9:partnerLinkType name="SalesforceAuthentication_PortTypeConsumer"><ns9:role name="Consumer"><ns9:portType name="ns12:SalesforceAuthentication_PortType" xmlns:ns12="https://login.salesforce.com/services/oauth2"/></ns9:role></ns9:partnerLinkType><ns9:partnerLinkType name="SalesforceV20_API_PortTypeConsumer"><ns9:role name="Consumer"><ns9:portType name="ns12:SalesforceV20_API_PortType" xmlns:ns12="https://na4.salesforce.com/services/data/v20.0/"/></ns9:role></ns9:partnerLinkType><ns9:partnerLinkType name="Box_Content_API_PortTypeConsumer"><ns9:role name="Consumer"><ns9:portType name="ns12:Box_Content_API_PortType" xmlns:ns12="https://api.box.com/2.0"/></ns9:role></ns9:partnerLinkType><ns9:partnerLinkType name="Box_Upload_API_PortTypeConsumer"><ns9:role name="Consumer"><ns9:portType name="ns12:Box_Upload_API_PortType" xmlns:ns12="https://upload.box.com/api/2.0/"/></ns9:role></ns9:partnerLinkType><ns9:partnerLinkType name="Google_Drive_API.raml_PortTypeConsumer"><ns9:role name="Consumer"><ns9:portType name="ns12:Google_Drive_API.raml_PortType" xmlns:ns12="https://www.googleapis.com/drive/v2"/></ns9:role></ns9:partnerLinkType><partnerLinks><partnerLink myRole="Consumer" name="Activity" partnerLinkType="ns12:ActivityPortTypeConsumer" xmlns:ns12="http://soa.com/processs"/><partnerLink myRole="Consumer" name="SalesforceAuthentication_PortTypePartnerLink" partnerLinkType="ns12:SalesforceAuthentication_PortTypeConsumer" xmlns:ns12="http://soa.com/processs"/><partnerLink myRole="Consumer" name="SalesforceV20_API_PortTypePartnerLink" partnerLinkType="ns12:SalesforceV20_API_PortTypeConsumer" xmlns:ns12="http://soa.com/processs"/><partnerLink myRole="Consumer" name="Box_Content_API_PortTypePartnerLink" partnerLinkType="ns12:Box_Content_API_PortTypeConsumer" xmlns:ns12="http://soa.com/processs"/><partnerLink myRole="Consumer" name="Box_Upload_API_PortTypePartnerLink" partnerLinkType="ns12:Box_Upload_API_PortTypeConsumer" xmlns:ns12="http://soa.com/processs"/><partnerLink myRole="Consumer" name="Google_Drive_API.raml_PortTypePartnerLink" partnerLinkType="ns12:Google_Drive_API.raml_PortTypeConsumer" xmlns:ns12="http://soa.com/processs"/></partnerLinks><variables><variable messageType="ns12:ActivityMessage" name="message" xmlns:ns12="http://soa.com/process/activity"/><variable messageType="ns12:ActivityMessage" name="fault" xmlns:ns12="http://soa.com/process/activity"/><variable defaultValue="" name="Bearer" type="xs:string" xmlns:xs="http://www.w3.org/2001/XMLSchema"/><variable defaultValue="" name="boxResultCode" type="xs:string" xmlns:xs="http://www.w3.org/2001/XMLSchema"/><variable defaultValue="" name="path" type="xs:string" xmlns:xs="http://www.w3.org/2001/XMLSchema"/><variable messageType="ns12:ActivityMessage" name="ListRequest" xmlns:ns12="http://soa.com/process/activity"/><variable messageType="ns12:ActivityMessage" name="ListResponse" xmlns:ns12="http://soa.com/process/activity"/><variable defaultValue="" name="FolderID" type="xs:string" xmlns:xs="http://www.w3.org/2001/XMLSchema"/><variable messageType="ns12:ActivityMessage" name="BoxSearch" xmlns:ns12="http://soa.com/process/activity"/><variable messageType="ns12:ActivityMessage" name="BoxSearchResult" xmlns:ns12="http://soa.com/process/activity"/><variable messageType="ns12:ActivityMessage" name="AddFolder" xmlns:ns12="http://soa.com/process/activity"/><variable messageType="ns12:ActivityMessage" name="AddFolderResult" xmlns:ns12="http://soa.com/process/activity"/><variable messageType="ns12:ActivityMessage" name="FileDelete" xmlns:ns12="http://soa.com/process/activity"/><variable messageType="ns12:ActivityMessage" name="FileDeleteResult" xmlns:ns12="http://soa.com/process/activity"/><variable defaultValue="" name="Status" type="xs:string" xmlns:xs="http://www.w3.org/2001/XMLSchema"/><variable defaultValue="" name="FileID" type="xs:string" xmlns:xs="http://www.w3.org/2001/XMLSchema"/><variable name="FileContent" type="xs:any" xmlns:xs="http://www.w3.org/2001/XMLSchema"/><variable defaultValue="" name="Parent" type="xs:string" xmlns:xs="http://www.w3.org/2001/XMLSchema"/></variables><sequence><invoke inputVariable="message" name="GetAuthToken" operation="invoke" outputVariable="message" partnerLink="Activity" portType="ns10:ActivityPortType"><ns2:InvocationExt endpoint="GetAuthToken" propagateExchange="true" service="ns10:ActivityService"/></invoke><switch name="Branch5" ns2:expressionLanguage="js"><case condition="&lt;?xml version=&quot;1.0&quot; encoding=&quot;UTF-8&quot; standalone=&quot;yes&quot;?>&lt;Script xmlns=&quot;http://soa.com/capabilities/service/scripting&quot;>&lt;Language>js&lt;/Language>&lt;Source>auditLog.debug(&quot;Validating Google Auth Request&quot;);&#xa;var bearer = processContext.getVariable(&quot;Bearer&quot;);&#xa;auditLog.debug(&quot;bearer =&quot; + bearer);&#xa;bearer != undefined; &lt;/Source>&lt;/Script>" ns2:inputVariable="" ns2:label="valid"><sequence><invoke inputVariable="message" name="Create Search Request" operation="invoke" outputVariable="message" partnerLink="Activity" portType="ns10:ActivityPortType"><ns2:InvocationExt endpoint="Create Search Request" propagateExchange="true" service="ns10:ActivityService"/></invoke><invoke inputVariable="ListRequest" name="SearchforFolder" operation="GET__files" outputVariable="ListResponse" partnerLink="Google_Drive_API.raml_PortTypePartnerLink" portType="ns12:Google_Drive_API.raml_PortType" xmlns:ns12="https://www.googleapis.com/drive/v2"><ns2:InvocationExt service="ns12:Google_Drive_API.raml"><ns2:Audit/></ns2:InvocationExt></invoke><invoke inputVariable="message" name="Save Search Result" operation="invoke" outputVariable="message" partnerLink="Activity" portType="ns10:ActivityPortType"><ns2:InvocationExt endpoint="Save Search Result" propagateExchange="true" service="ns10:ActivityService"/></invoke><switch name="Branch1" ns2:expressionLanguage="js"><case condition="&lt;?xml version=&quot;1.0&quot; encoding=&quot;UTF-8&quot; standalone=&quot;yes&quot;?>&lt;Script xmlns=&quot;http://soa.com/capabilities/service/scripting&quot;>&lt;Language>js&lt;/Language>&lt;Source>var folderId = processContext.getVariable(&quot;FolderID&quot;);&#xa;folderId != 0&#xa;&lt;/Source>&lt;/Script>" ns2:inputVariable="" ns2:label="FolderExists"><sequence><invoke inputVariable="message" name="ConfigFileSearch" operation="invoke" outputVariable="message" partnerLink="Activity" portType="ns10:ActivityPortType"><ns2:InvocationExt endpoint="ConfigFileSearch" propagateExchange="true" service="ns10:ActivityService"/></invoke><invoke inputVariable="ListRequest" name="SearchforFile" operation="GET__files" outputVariable="ListResponse" partnerLink="Google_Drive_API.raml_PortTypePartnerLink" portType="ns12:Google_Drive_API.raml_PortType" xmlns:ns12="https://www.googleapis.com/drive/v2"><ns2:InvocationExt service="ns12:Google_Drive_API.raml"><ns2:Audit/></ns2:InvocationExt></invoke><invoke inputVariable="message" name="SaveResult" operation="invoke" outputVariable="message" partnerLink="Activity" portType="ns10:ActivityPortType"><ns2:InvocationExt endpoint="SaveResult" propagateExchange="true" service="ns10:ActivityService"/></invoke><switch name="Branch3" ns2:expressionLanguage="js"><case condition="&lt;?xml version=&quot;1.0&quot; encoding=&quot;UTF-8&quot; standalone=&quot;yes&quot;?>&lt;Script xmlns=&quot;http://soa.com/capabilities/service/scripting&quot;>&lt;Language>js&lt;/Language>&lt;Source>var fileID = processContext.getVariable(&quot;FileID&quot;);&#xa;fileID == 0&#xa;&lt;/Source>&lt;/Script>" ns2:inputVariable="" ns2:label="FileDoesntExist"><sequence><invoke inputVariable="message" name="UploadLeadFile" operation="invoke" outputVariable="message" partnerLink="Activity" portType="ns10:ActivityPortType"><ns2:InvocationExt endpoint="UploadLeadFile" propagateExchange="true" service="ns10:ActivityService"/></invoke></sequence></case><otherwise><sequence><invoke inputVariable="message" name="configureDelete" operation="invoke" outputVariable="message" partnerLink="Activity" portType="ns10:ActivityPortType"><ns2:InvocationExt endpoint="configureDelete" propagateExchange="true" service="ns10:ActivityService"/></invoke><invoke inputVariable="FileDelete" name="DeleteFile" operation="DELETE__files__fileId_" outputVariable="FileDeleteResult" partnerLink="Google_Drive_API.raml_PortTypePartnerLink" portType="ns12:Google_Drive_API.raml_PortType" xmlns:ns12="https://www.googleapis.com/drive/v2"><ns2:InvocationExt service="ns12:Google_Drive_API.raml"><ns2:Audit/></ns2:InvocationExt></invoke><invoke inputVariable="message" name="SaveDeleteResult" operation="invoke" outputVariable="message" partnerLink="Activity" portType="ns10:ActivityPortType"><ns2:InvocationExt endpoint="SaveDeleteResult" propagateExchange="true" service="ns10:ActivityService"/></invoke><switch name="Branch4" ns2:expressionLanguage="js"><case condition="&lt;?xml version=&quot;1.0&quot; encoding=&quot;UTF-8&quot; standalone=&quot;yes&quot;?>&lt;Script xmlns=&quot;http://soa.com/capabilities/service/scripting&quot;>&lt;Language>js&lt;/Language>&lt;Source>var sts = processContext.getVariable(&quot;Status&quot;);&#xa;var status = parseInt(sts);&#xa;&#xa;&#xa;auditLog.error(&quot;status is: &quot;+status);&#xa;status == 204;&#xa;&lt;/Source>&lt;/Script>" ns2:inputVariable="" ns2:label="FileDeleted"><sequence><invoke inputVariable="message" name="UploadLeadFile3" operation="invoke" outputVariable="message" partnerLink="Activity" portType="ns10:ActivityPortType"><ns2:InvocationExt endpoint="UploadLeadFile3" propagateExchange="true" service="ns10:ActivityService"/></invoke></sequence></case><otherwise><sequence><invoke inputVariable="message" name="end" operation="invoke" outputVariable="message" partnerLink="Activity" portType="ns10:ActivityPortType"><ns2:InvocationExt endpoint="end" propagateExchange="true" service="ns10:ActivityService"/></invoke></sequence></otherwise></switch></sequence></otherwise></switch></sequence></case><otherwise><sequence><invoke inputVariable="message" name="Create the Box Folder Request" operation="invoke" outputVariable="message" partnerLink="Activity" portType="ns10:ActivityPortType"><ns2:InvocationExt endpoint="Create the Box Folder Request" propagateExchange="true" service="ns10:ActivityService"/></invoke><invoke inputVariable="AddFolder" name="CreateBoxFolder" operation="POST__folders" outputVariable="AddFolderResult" partnerLink="Box_Content_API_PortTypePartnerLink" portType="ns12:Box_Content_API_PortType" xmlns:ns12="https://api.box.com/2.0"><ns2:InvocationExt service="ns12:Box_Content_API"><ns2:Audit/></ns2:InvocationExt></invoke><invoke inputVariable="message" name="Save Create Result" operation="invoke" outputVariable="message" partnerLink="Activity" portType="ns10:ActivityPortType"><ns2:InvocationExt endpoint="Save Create Result" propagateExchange="true" service="ns10:ActivityService"/></invoke><switch name="Branch2" ns2:expressionLanguage="js"><case condition="&lt;?xml version=&quot;1.0&quot; encoding=&quot;UTF-8&quot; standalone=&quot;yes&quot;?>&lt;Script xmlns=&quot;http://soa.com/capabilities/service/scripting&quot;>&lt;Language>js&lt;/Language>&lt;Source>importClass(com.digev.fw.log.Log);&#xa;&#xa;var log = com.digev.fw.log.Log.getLog(&quot;com.soa.process.SearchForExistingFolder&quot;);&#xa;&#xa;var idLength = processContext.getVariable(&quot;IDLength&quot;);&#xa;var lgth = parseInt(idLength);&#xa;&#xa;log.error(&quot;lgth is: &quot;+lgth);&#xa;lgth &amp;gt; 0;&#xa;&lt;/Source>&lt;/Script>" ns2:inputVariable="" ns2:label="FolderCreated"><sequence><invoke inputVariable="message" name="UploadLeadFile2" operation="invoke" outputVariable="message" partnerLink="Activity" portType="ns10:ActivityPortType"><ns2:InvocationExt endpoint="UploadLeadFile2" propagateExchange="true" service="ns10:ActivityService"/></invoke></sequence></case><otherwise><sequence><invoke inputVariable="message" name="FileCreationFailed" operation="invoke" outputVariable="message" partnerLink="Activity" portType="ns10:ActivityPortType"><ns2:InvocationExt endpoint="FileCreationFailed" propagateExchange="true" service="ns10:ActivityService"/></invoke></sequence></otherwise></switch></sequence></otherwise></switch></sequence></case><otherwise><sequence><invoke inputVariable="message" name="return" operation="invoke" outputVariable="message" partnerLink="Activity" portType="ns10:ActivityPortType"><ns2:InvocationExt endpoint="return" propagateExchange="true" service="ns10:ActivityService"/></invoke></sequence></otherwise></switch></sequence></process>