<?xml version="1.0" encoding="UTF-8"?>
<ActivityGraph xmlns="http://soa.com/uri/products/activity/graph/xsd/1.0"><PositionElements><Position ActivityName="GetAuthToken"><XPosition>80</XPosition><YPosition>120</YPosition></Position><Position ActivityName="Branch5"><XPosition>90</XPosition><YPosition>250</YPosition></Position><Position ActivityName="Create Search Request"><XPosition>210</XPosition><YPosition>250</YPosition></Position><Position ActivityName="SearchforFolder"><XPosition>320</XPosition><YPosition>250</YPosition></Position><Position ActivityName="Save Search Result"><XPosition>430</XPosition><YPosition>250</YPosition></Position><Position ActivityName="Branch1"><XPosition>540</XPosition><YPosition>250</YPosition></Position><Position ActivityName="ConfigFileSearch"><XPosition>630</XPosition><YPosition>150</YPosition></Position><Position ActivityName="SearchforFile"><XPosition>740</XPosition><YPosition>150</YPosition></Position><Position ActivityName="SaveResult"><XPosition>850</XPosition><YPosition>150</YPosition></Position><Position ActivityName="Branch3"><XPosition>960</XPosition><YPosition>150</YPosition></Position><Position ActivityName="UploadLeadFile"><XPosition>1050</XPosition><YPosition>100</YPosition></Position><Position ActivityName="configureDelete"><XPosition>1050</XPosition><YPosition>200</YPosition></Position><Position ActivityName="DeleteFile"><XPosition>1160</XPosition><YPosition>200</YPosition></Position><Position ActivityName="SaveDeleteResult"><XPosition>1270</XPosition><YPosition>200</YPosition></Position><Position ActivityName="Branch4"><XPosition>1380</XPosition><YPosition>200</YPosition></Position><Position ActivityName="UploadLeadFile3"><XPosition>1470</XPosition><YPosition>150</YPosition></Position><Position ActivityName="end"><XPosition>1470</XPosition><YPosition>250</YPosition></Position><Position ActivityName="Create the Box Folder Request"><XPosition>630</XPosition><YPosition>350</YPosition></Position><Position ActivityName="CreateBoxFolder"><XPosition>740</XPosition><YPosition>350</YPosition></Position><Position ActivityName="Save Create Result"><XPosition>850</XPosition><YPosition>350</YPosition></Position><Position ActivityName="Branch2"><XPosition>960</XPosition><YPosition>350</YPosition></Position><Position ActivityName="UploadLeadFile2"><XPosition>1050</XPosition><YPosition>300</YPosition></Position><Position ActivityName="FileCreationFailed"><XPosition>1050</XPosition><YPosition>400</YPosition></Position><Position ActivityName="return"><XPosition>80</XPosition><YPosition>360</YPosition></Position></PositionElements></ActivityGraph>