<?xml version="1.0" encoding="UTF-8"?>
<ns5:VirtualServiceConfiguration LastUpdated="1424221492545" ServiceName="ns13:TrialLeads_API_Binding" xmlns="http://schemas.xmlsoap.org/ws/2006/02/addressingidentity" xmlns:ns10="http://schemas.xmlsoap.org/ws/2003/03/business-process/" xmlns:ns11="http://soa.com/bpel/ext" xmlns:ns12="http://schemas.xmlsoap.org/ws/2003/05/partner-link/" xmlns:ns13="http://www.soa.com/google/trialleads" xmlns:ns2="http://www.w3.org/2000/09/xmldsig#" xmlns:ns3="http://docs.oasis-open.org/wss/2004/01/oasis-200401-wss-wssecurity-secext-1.0.xsd" xmlns:ns4="http://docs.oasis-open.org/wss/2004/01/oasis-200401-wss-wssecurity-utility-1.0.xsd" xmlns:ns5="http://soa.com/capabilities/service/virtualization/bpel" xmlns:ns6="http://schemas.xmlsoap.org/ws/2004/09/mex" xmlns:ns7="http://soa.com/capabilities/service/virtualization/bpel/activity" xmlns:ns8="http://www.w3.org/2001/04/xmlenc#" xmlns:ns9="http://federatedgovernance.org/mc/configuration/x509"><ns5:OutboundIdentityConfig><ns5:UseInboundIdentities xmlns:xs="http://www.w3.org/2001/XMLSchema" xmlns:xsi="http://www.w3.org/2001/XMLSchema-instance" xsi:type="xs:boolean">true</ns5:UseInboundIdentities><ns5:UseServiceIdentityForHTTPS>false</ns5:UseServiceIdentityForHTTPS></ns5:OutboundIdentityConfig><ns5:PolicyImplementationConfig><ns5:ImplementPolicies>true</ns5:ImplementPolicies></ns5:PolicyImplementationConfig><ns5:OperationImplementation InterfaceName="ns14:TrialLeads_API_PortType" LastUpdated="1424142849293" OperationName="GET__leads" xmlns:ns14="http://www.soa.com/trialleads"><ns5:Process/><ns5:BindingHeaderInstructions/><ns5:TransportHeaderInstructions/></ns5:OperationImplementation><ns5:OperationImplementation InterfaceName="ns14:TrialLeads_API_PortType" LastUpdated="1424221492545" OperationName="POST__leads" xmlns:ns14="http://www.soa.com/trialleads"><ns5:Process/><ns5:BindingHeaderInstructions/><ns5:TransportHeaderInstructions/></ns5:OperationImplementation></ns5:VirtualServiceConfiguration>