<?xml version="1.0" encoding="UTF-8"?>
<process name="GET__files__fileId__comments__commentId__replies__replyId_" ns2:processKey="bpel:2a7a98be-c6e7-11e4-8ee9-d0db1b3a73d5" targetNamespace="https://soa.com" xmlns="http://schemas.xmlsoap.org/ws/2003/03/business-process/" xmlns:ns10="http://soa.com/capabilities/service/virtualization/bpel/activity" xmlns:ns2="http://soa.com/bpel/ext" xmlns:ns3="http://soa.com/capabilities/service/virtualization/bpel" xmlns:ns4="http://schemas.xmlsoap.org/ws/2006/02/addressingidentity" xmlns:ns5="http://www.w3.org/2000/09/xmldsig#" xmlns:ns6="http://docs.oasis-open.org/wss/2004/01/oasis-200401-wss-wssecurity-secext-1.0.xsd" xmlns:ns7="http://docs.oasis-open.org/wss/2004/01/oasis-200401-wss-wssecurity-utility-1.0.xsd" xmlns:ns8="http://schemas.xmlsoap.org/ws/2004/09/mex" xmlns:ns9="http://schemas.xmlsoap.org/ws/2003/05/partner-link/"><ns9:partnerLinkType name="Google_Drive_Hook_PortTypeProvider"><ns9:role name="Provider"><ns9:portType name="ns11:Google_Drive_Hook_PortType" xmlns:ns11="https://soa.com"/></ns9:role></ns9:partnerLinkType><ns9:partnerLinkType name="Google_Drive_API.raml_PortTypeConsumer"><ns9:role name="Consumer"><ns9:portType name="ns11:Google_Drive_API.raml_PortType" xmlns:ns11="https://www.googleapis.com/drive/v2"/></ns9:role></ns9:partnerLinkType><partnerLinks><partnerLink myRole="Google_Drive_Hook_PortType" name="initial" partnerLinkType="ns11:Google_Drive_Hook_PortTypeProvider" xmlns:ns11="https://soa.com"/><partnerLink myRole="Consumer" name="Google_Drive_API.raml_PortTypePartnerLink" partnerLinkType="ns11:Google_Drive_API.raml_PortTypeConsumer" xmlns:ns11="https://soa.com"/></partnerLinks><variables><variable messageType="ns11:ActivityMessage" name="message" xmlns:ns11="http://soa.com/process/activity"/><variable messageType="ns11:ActivityMessage" name="fault" xmlns:ns11="http://soa.com/process/activity"/></variables><faultHandlers><catchAll><sequence><reply faultName="ns2:ExistingFault" name="FaultReply" operation="GET__files__fileId__comments__commentId__replies__replyId_" partnerLink="initial" portType="ns11:Google_Drive_Hook_PortType" variable="fault" xmlns:ns11="https://soa.com"/></sequence></catchAll></faultHandlers><sequence><receive createInstance="yes" name="Receive" operation="GET__files__fileId__comments__commentId__replies__replyId_" partnerLink="initial" portType="ns11:Google_Drive_Hook_PortType" variable="message" xmlns:ns11="https://soa.com"/><invoke inputVariable="message" name="Invoke1" operation="GET__files__fileId__comments__commentId__replies__replyId_" outputVariable="message" partnerLink="Google_Drive_API.raml_PortTypePartnerLink" portType="ns11:Google_Drive_API.raml_PortType" xmlns:ns11="https://www.googleapis.com/drive/v2"><ns2:InvocationExt service="ns12:Google_Drive_API.raml" xmlns:ns12="https://www.googleapis.com/drive/v2/Hook"><ns2:Audit/></ns2:InvocationExt></invoke><reply name="Reply" operation="GET__files__fileId__comments__commentId__replies__replyId_" partnerLink="initial" portType="ns11:Google_Drive_Hook_PortType" variable="message" xmlns:ns11="https://soa.com"/></sequence></process>